Workbook

Sheet Arhive
A1: п/п | B1: =INDEX($H1:$IV1,1,COUNTA($H1:$IV1)+2) -> 2025-10-01 | C1: нынешние показания | D1: предыдущеий месяц | E1: задолженность (актуальная) | F1: учтена оплата (актуальная) | H1: 2022-12-01 | I1: 2023-01-01 | J1: 2023-02-01 | K1: 2023-03-01 | L1: 2023-04-01 | M1: 2023-05-01 | N1: 2023-06-01 | O1: 2023-07-01 | P1: 2023-08-01 | Q1: 2023-09-01 | R1: 2023-10-01 | S1: Смена счетчиков | U1: 2023-11-01 | V1: 2023-12-01 | W1: 2024-01-01 | X1: 2024-02-01 | Y1: 2024-03-01 | Z1: 2024-04-01 | AA1: 2024-05-01 | AB1: 2024-06-01 | AC1: 2024-07-01 | AD1: 2024-08-01 | AE1: 2024-09-01 | AF1: 2024-10-01 | AG1: 2024-11-01 | AH1: 2024-12-01 | AI1: 2025-01-01 | AJ1: 2025-02-01 | AK1: 2025-03-01 | AL1: 2025-04-01 | AM1: смена счетчика | AO1: 2025-05-01 | AP1: 2025-06-01 | AQ1: 2025-07-01 | AR1: 2025-08-01 | AS1: 2025-09-01 | AT1: 2025-10-01
A2: 1 | B2: Гаценко НатГаврил | C2: =INDEX($H2:$IV2,1,COUNTA($H2:$IV2)) -> 683.9 | D2: =INDEX($H2:$IV2,1,COUNTA($H2:$IV2)-1) -> 678.15 | E2: -282.57 | F2: 500 | G2: 21 | H2: 338.55 | I2: 353.81 | J2: 371.01 | K2: 404.91 | L2: 431.05 | M2: 454.17 | N2: 474.45 | O2: 484.96 | P2: 486.6 | Q2: 497.41 | R2: 508.22 | S2: 0 | T2: 0.81 | U2: 29.18 | V2: 35.45 | W2: 47.05 | X2: 86.77 | Y2: 120.34 | Z2: 170.56 | AA2: 203.33 | AB2: 220.04 | AC2: 230.86 | AD2: 237.31 | AE2: 245.04 | AF2: 256.69 | AG2: 294.48 | AH2: 340.12 | AI2: 376.49 | AJ2: 410.87 | AK2: 433.59 | AL2: 458.7 | AM2: 458.7 | AN2: 458.7 | AO2: 484.49 | AP2: 526.91 | AQ2: 591.19 | AR2: 656.49 | AS2: 678.15 | AT2: 683.9
A3: 1 | B3: Гаценко НатГаврил | C3: =INDEX($H3:$IV3,1,COUNTA($H3:$IV3)) -> 105.13 | D3: =INDEX($H3:$IV3,1,COUNTA($H3:$IV3)-1) -> 104.69 | G3: 21 | H3: 98.38 | I3: 101.39 | J3: 102.69 | K3: 102.69 | L3: 102.85 | M3: 106.9 | N3: 112.35 | O3: 116.45 | P3: 116.98 | Q3: 120.34 | R3: 123.7 | S3: 0 | T3: 7.99 | U3: 10.23 | V3: 10.82 | W3: 11.13 | X3: 13.99 | Y3: 20.29 | Z3: 30.15 | AA3: 37.34 | AB3: 42 | AC3: 46.72 | AD3: 47.89 | AE3: 49.57 | AF3: 51.97 | AG3: 52.61 | AH3: 55.15 | AI3: 58.52 | AJ3: 68.23 | AK3: 71.37 | AL3: 72.66 | AM3: 72.66 | AN3: 72.66 | AO3: 80.38 | AP3: 91.25 | AQ3: 96.34 | AR3: 102.97 | AS3: 104.69 | AT3: 105.13
A4: 2 | B4: Дикарев АлексейАнат | C4: =INDEX($H4:$IV4,1,COUNTA($H4:$IV4)) -> 0 | D4: =INDEX($H4:$IV4,1,COUNTA($H4:$IV4)-1) -> 0 | E4: 0 | G4: 54 | H4: 20898.02 | I4: 21233.78 | J4: 21253 | K4: 21929.65 | L4: 22274 | M4: 22624.81 | N4: 22943 | O4: 23333 | P4: 23751 | Q4: 24146 | R4: 24542 | S4: 24542 | T4: 24542 | U4: 24950 | V4: 25436 | W4: 25934 | X4: 26387 | Y4: 26771.2 | Z4: 27190 | AA4: 27628 | AB4: 28103 | AC4: 28711 | AD4: 0 | AE4: 0 | AF4: 0 | AG4: 0 | AH4: 0 | AI4: 0 | AJ4: 0 | AK4: 0 | AL4: 0 | AM4: 0 | AN4: 0 | AO4: 0 | AP4: 0 | AQ4: 0 | AR4: 0 | AS4: 0 | AT4: 0
A5: 2 | B5: Дикарев АлексейАнат | C5: =INDEX($H5:$IV5,1,COUNTA($H5:$IV5)) -> 0 | D5: =INDEX($H5:$IV5,1,COUNTA($H5:$IV5)-1) -> 0 | G5: 54 | H5: 9353.16 | I5: 9486.78 | J5: 9495 | K5: 9764.99 | L5: 9905 | M5: 10054.27 | N5: 10214 | O5: 10430 | P5: 10627 | Q5: 10859 | R5: 11046 | S5: 11046 | T5: 11046 | U5: 11231 | V5: 11423 | W5: 11622 | X5: 11813 | Y5: 11973.43 | Z5: 12181 | AA5: 12374.55 | AB5: 12610 | AC5: 12899 | AD5: 0 | AE5: 0 | AF5: 0 | AG5: 0 | AH5: 0 | AI5: 0 | AJ5: 0 | AK5: 0 | AL5: 0 | AM5: 0 | AN5: 0 | AO5: 0 | AP5: 0 | AQ5: 0 | AR5: 0 | AS5: 0 | AT5: 0
A6: 3 | B6: Дмитриев Ал-р Вахтанг | C6: =INDEX($H6:$IV6,1,COUNTA($H6:$IV6)) -> 23549.72 | D6: =INDEX($H6:$IV6,1,COUNTA($H6:$IV6)-1) -> 23280.28 | E6: 8160.23 | G6: 51 | H6: 12300.97 | I6: 12642.16 | J6: 12921.49 | K6: 13089.08 | L6: 13338.92 | M6: 13556.15 | N6: 13740.64 | O6: 14024.3 | P6: 14584.83 | Q6: 14902.39 | R6: 15106.31 | S6: 15106.31 | T6: 15106.31 | U6: 15367.76 | V6: 15675.84 | W6: 16014.9 | X6: 16307.53 | Y6: 16557.35 | Z6: 16819.24 | AA6: 17043.03 | AB6: 17388.44 | AC6: 17995.66 | AD6: 18472.65 | AE6: 18854.57 | AF6: 19107.09 | AG6: 19439.96 | AH6: 19855.93 | AI6: 20201.19 | AJ6: 20659.47 | AK6: 20981.42 | AL6: 21322.31 | AM6: 21322.31 | AN6: 21322.31 | AO6: 21596.05 | AP6: 21859.96 | AQ6: 22324.48 | AR6: 23008.34 | AS6: 23280.28 | AT6: 23549.72
A7: 3 | B7: Дмитриев Ал-рВахтанг | C7: =INDEX($H7:$IV7,1,COUNTA($H7:$IV7)) -> 8771.92 | D7: =INDEX($H7:$IV7,1,COUNTA($H7:$IV7)-1) -> 8584.14 | G7: 51 | H7: 3672.18 | I7: 3808.71 | J7: 3935.03 | K7: 4004.78 | L7: 4100.94 | M7: 4194.75 | N7: 4262.86 | O7: 4319.12 | P7: 4448.78 | Q7: 4541.68 | R7: 4618.31 | S7: 4618.31 | T7: 4618.31 | U7: 4711.29 | V7: 4821.18 | W7: 4937.65 | X7: 5046.26 | Y7: 5144.85 | Z7: 5243.09 | AA7: 5329.02 | AB7: 5410.87 | AC7: 5560.6 | AD7: 5712.29 | AE7: 5834.71 | AF7: 6054.29 | AG7: 6342.24 | AH7: 6594.31 | AI7: 6788.58 | AJ7: 7051.98 | AK7: 7290.51 | AL7: 7554.16 | AM7: 7554.16 | AN7: 7554.16 | AO7: 7724.31 | AP7: 7930.48 | AQ7: 8161.39 | AR7: 8440.04 | AS7: 8584.14 | AT7: 8771.92
A8: 4 | B8: Егоров ЕвгЮрьев | C8: =INDEX($H8:$IV8,1,COUNTA($H8:$IV8)) -> 20395.7 | D8: =INDEX($H8:$IV8,1,COUNTA($H8:$IV8)-1) -> 20213.43 | E8: 2391.64 | G8: 35 | H8: 14583.37 | I8: 14820.84 | J8: 15016.04 | K8: 15188.39 | L8: 15365.43 | M8: 15544.14 | N8: 15711.87 | O8: 15862.24 | P8: 15982.6 | Q8: 16118.65 | R8: 16278.21 | S8: 16278.21 | T8: 16278.21 | U8: 16451.17 | V8: 16648.91 | W8: 16893.39 | X8: 17069.71 | Y8: 17242.78 | Z8: 17408.32 | AA8: 17587.68 | AB8: 17726.93 | AC8: 17853.71 | AD8: 17972.77 | AE8: 18108.1 | AF8: 18269.38 | AG8: 18450.49 | AH8: 18672 | AI8: 18812.9 | AJ8: 19102.12 | AK8: 19289.66 | AL8: 19508.66 | AM8: 19508.66 | AN8: 19508.66 | AO8: 19693.78 | AP8: 19835.69 | AQ8: 19952.24 | AR8: 20081.19 | AS8: 20213.43 | AT8: 20395.7
A9: 4 | B9: Егоров ЕвгЮрьев | C9: =INDEX($H9:$IV9,1,COUNTA($H9:$IV9)) -> 5911.38 | D9: =INDEX($H9:$IV9,1,COUNTA($H9:$IV9)-1) -> 5842.58 | G9: 35 | H9: 3782.01 | I9: 3865.29 | J9: 3945.07 | K9: 4012.05 | L9: 4079.6 | M9: 4153.63 | N9: 4229.21 | O9: 4299.75 | P9: 4354.47 | Q9: 4408.14 | R9: 4464.65 | S9: 4464.65 | T9: 4464.65 | U9: 4528.13 | V9: 4590.25 | W9: 4671.4 | X9: 4729.33 | Y9: 4784.46 | Z9: 4845.91 | AA9: 4917.94 | AB9: 4971.59 | AC9: 5019.15 | AD9: 5072.28 | AE9: 5130.12 | AF9: 5186.48 | AG9: 5246.31 | AH9: 5307.85 | AI9: 5361.98 | AJ9: 5449.33 | AK9: 5514.05 | AL9: 5580.08 | AM9: 5580.08 | AN9: 5580.08 | AO9: 5645.8 | AP9: 5713.01 | AQ9: 5756.92 | AR9: 5801.23 | AS9: 5842.58 | AT9: 5911.38
A10: 5 | B10: Ефимов Вл-р Васил | C10: =INDEX($H10:$IV10,1,COUNTA($H10:$IV10)) -> 2980.63 | D10: =INDEX($H10:$IV10,1,COUNTA($H10:$IV10)-1) -> 2953.62 | E10: -299.95 | G10: 46 | H10: 1897.12 | I10: 1928.24 | J10: 1954.73 | K10: 1973.92 | L10: 2000.46 | M10: 2059.64 | N10: 2063.01 | O10: 2099.47 | P10: 2140.34 | Q10: 2184.75 | R10: 2222.57 | S10: 2222.57 | T10: 2222.57 | U10: 2252.53 | V10: 2279.17 | W10: 2306.81 | X10: 2337.17 | Y10: 2362.02 | Z10: 2393.01 | AA10: 2416.62 | AB10: 2446.48 | AC10: 2484.19 | AD10: 2525.88 | AE10: 2572.82 | AF10: 2607.41 | AG10: 2637.27 | AH10: 2667.09 | AI10: 2692.92 | AJ10: 2716.9 | AK10: 2742.9 | AL10: 2779.58 | AM10: 2779.58 | AN10: 2779.58 | AO10: 2809.46 | AP10: 2848.37 | AQ10: 2888.9 | AR10: 2927.85 | AS10: 2953.62 | AT10: 2980.63
A11: 5 | B11: Ефимов Вл-р Васил | C11: =INDEX($H11:$IV11,1,COUNTA($H11:$IV11)) -> 561.35 | D11: =INDEX($H11:$IV11,1,COUNTA($H11:$IV11)-1) -> 556.36 | G11: 46 | H11: 351.86 | I11: 356.8 | J11: 360.74 | K11: 364.37 | L11: 368.63 | M11: 373.7 | N11: 381.02 | O11: 389.32 | P11: 397.93 | Q11: 406.39 | R11: 413.94 | S11: 413.94 | T11: 413.94 | U11: 419.55 | V11: 423.45 | W11: 426.94 | X11: 429.94 | Y11: 432.99 | Z11: 437.85 | AA11: 442.66 | AB11: 449.91 | AC11: 458.6 | AD11: 467.8 | AE11: 477.13 | AF11: 485.42 | AG11: 491.82 | AH11: 496.98 | AI11: 501.62 | AJ11: 504.98 | AK11: 509.12 | AL11: 515.53 | AM11: 515.53 | AN11: 515.53 | AO11: 523.18 | AP11: 531.25 | AQ11: 540.41 | AR11: 549.35 | AS11: 556.36 | AT11: 561.35
A12: 6 | B12: Заруба ЛюдмСерг | C12: =INDEX($H12:$IV12,1,COUNTA($H12:$IV12)) -> 10011.4 | D12: =INDEX($H12:$IV12,1,COUNTA($H12:$IV12)-1) -> 9822.8 | E12: -1452.49 | G12: 17 | H12: 955.8 | I12: 1762.8 | J12: 2829.7 | K12: 3702.8 | L12: 4335.6 | M12: 4710.2 | N12: 4796 | O12: 4875.7 | P12: 4955.8 | Q12: 5033.5 | R12: 5149.9 | S12: 5149.9 | T12: 5149.9 | U12: 5311.2 | V12: 5805 | W12: 6209.3 | X12: 6492.9 | Y12: 6972 | Z12: 7145.3 | AA12: 7214.4 | AB12: 7287 | AC12: 7378.2 | AD12: 7465.5 | AE12: 7552 | AF12: 7647.4 | AG12: 7884.5 | AH12: 8305.9 | AI12: 8847.9 | AJ12: 9477 | AK12: 9477.4 | AL12: 9477.8 | AM12: 9477.8 | AN12: 9477.8 | AO12: 9564.1 | AP12: 9602.5 | AQ12: 9664.9 | AR12: 9758 | AS12: 9822.8 | AT12: 10011.4
A13: 7 | B13: Зырянов ДмитрНик | C13: =INDEX($H13:$IV13,1,COUNTA($H13:$IV13)) -> 20682.76 | D13: =INDEX($H13:$IV13,1,COUNTA($H13:$IV13)-1) -> 20464.02 | E13: 1079.56 | F13: 1081.4 | G13: 3 | H13: 13457.47 | I13: 13701.58 | J13: 13953.08 | K13: 14155.46 | L13: 14396.65 | M13: 14586.26 | N13: 14756.9 | O13: 15068.15 | P13: 15434.42 | Q13: 15662.68 | R13: 15819.18 | S13: 15819.18 | T13: 15819.18 | U13: 16002.92 | V13: 16170.99 | W13: 16375.25 | X13: 16627.33 | Y13: 16839.71 | Z13: 17079.59 | AA13: 17292.14 | AB13: 17533.05 | AC13: 17906.18 | AD13: 18189.56 | AE13: 18392.07 | AF13: 18580.19 | AG13: 18738.11 | AH13: 18942.37 | AI13: 19159.2 | AJ13: 19367.9 | AK13: 19564.99 | AL13: 19757.06 | AM13: 19757.06 | AN13: 19757.06 | AO13: 19925.23 | AP13: 20067.62 | AQ13: 20183.98 | AR13: 20298.32 | AS13: 20464.02 | AT13: 20682.76
A14: 7 | B14: Зырянов ДмитрНик | C14: =INDEX($H14:$IV14,1,COUNTA($H14:$IV14)) -> 6661.37 | D14: =INDEX($H14:$IV14,1,COUNTA($H14:$IV14)-1) -> 6589.22 | G14: 3 | H14: 4336.7 | I14: 4414.1 | J14: 4485.49 | K14: 4549.62 | L14: 4618.24 | M14: 4682.97 | N14: 4737.18 | O14: 4800.45 | P14: 4868.36 | Q14: 4928.98 | R14: 4986.69 | S14: 4986.69 | T14: 4986.69 | U14: 5058.52 | V14: 5122.1 | W14: 5189.26 | X14: 5265.23 | Y14: 5347.31 | Z14: 5432.23 | AA14: 5500.8 | AB14: 5563.4 | AC14: 5644.32 | AD14: 5740.73 | AE14: 5801.6 | AF14: 5868.41 | AG14: 5931.26 | AH14: 6002.81 | AI14: 6073.14 | AJ14: 6148.29 | AK14: 6212.95 | AL14: 6284.21 | AM14: 6284.21 | AN14: 6284.21 | AO14: 6353.38 | AP14: 6413.87 | AQ14: 6467.34 | AR14: 6523.15 | AS14: 6589.22 | AT14: 6661.37
A15: 8 | B15: Кавун А.И. | C15: =INDEX($H15:$IV15,1,COUNTA($H15:$IV15)) -> 12116.96 | D15: =INDEX($H15:$IV15,1,COUNTA($H15:$IV15)-1) -> 11948.97 | E15: 1643.12 | F15: 6643 | G15: 44 | H15: 4912.14 | I15: 5131.2 | J15: 5334.48 | K15: 5519.42 | L15: 5718.16 | M15: 5865.55 | N15: 5975.72 | O15: 6108.8 | P15: 6240.69 | Q15: 6366.34 | R15: 6473.55 | S15: 6473.55 | T15: 6473.55 | U15: 6617.2 | V15: 6834.47 | W15: 7032.56 | X15: 7228.87 | Y15: 7426.07 | Z15: 7608.28 | AA15: 7732.58 | AB15: 7835.33 | AC15: 7943.8 | AD15: 8055.64 | AE15: 8221.4 | AF15: 8345.84 | AG15: 8555.1 | AH15: 8787.21 | AI15: 9007.21 | AJ15: 9237.21 | AK15: 9450.21 | AL15: 9940.02 | AM15: 9940.02 | AN15: 9940.02 | AO15: 10293.22 | AP15: 10598.88 | AQ15: 10989.03 | AR15: 11498.97 | AS15: 11948.97 | AT15: 12116.96
A16: 8 | B16: Кавун А.И. | C16: =INDEX($H16:$IV16,1,COUNTA($H16:$IV16)) -> 5784.35 | D16: =INDEX($H16:$IV16,1,COUNTA($H16:$IV16)-1) -> 5731.93 | G16: 44 | H16: 2060.48 | I16: 2173.22 | J16: 2274.91 | K16: 2367.93 | L16: 2482.27 | M16: 2577.45 | N16: 2659.02 | O16: 2732.84 | P16: 2792.08 | Q16: 2873.12 | R16: 2958.85 | S16: 2958.85 | T16: 2958.85 | U16: 3035.76 | V16: 3139.49 | W16: 3236.26 | X16: 3329.31 | Y16: 3424.22 | Z16: 3545.33 | AA16: 3644.66 | AB16: 3743.93 | AC16: 3837.48 | AD16: 3937.48 | AE16: 4013.55 | AF16: 4082.01 | AG16: 4190.5 | AH16: 4302.51 | AI16: 4411.31 | AJ16: 4511.31 | AK16: 4615.31 | AL16: 4880.92 | AM16: 4880.92 | AN16: 4880.92 | AO16: 5110.93 | AP16: 5275.01 | AQ16: 5400.08 | AR16: 5581.93 | AS16: 5731.93 | AT16: 5784.35
A17: 9 | B17: Калашников В.В. | C17: =INDEX($H17:$IV17,1,COUNTA($H17:$IV17)) -> 2152.36 | D17: =INDEX($H17:$IV17,1,COUNTA($H17:$IV17)-1) -> 2130 | E17: 529.91 | G17: 22 | H17: 1042.04 | I17: 1096.97 | J17: 1141.71 | K17: 1174.95 | L17: 1206.7 | M17: 1235.5 | N17: 1261.62 | O17: 1287.2 | P17: 1316.13 | Q17: 1342.23 | R17: 1378.55 | S17: 1378.55 | T17: 1378.55 | U17: 1421.2 | V17: 1468.29 | W17: 1515.71 | X17: 1555.28 | Y17: 1588.13 | Z17: 1619.36 | AA17: 1645.08 | AB17: 1668.92 | AC17: 1692.08 | AD17: 1718.63 | AE17: 1750.55 | AF17: 1786.45 | AG17: 1828.61 | AH17: 1877.96 | AI17: 1924.07 | AJ17: 1966.52 | AK17: 1996.68 | AL17: 2026.74 | AM17: 2026.74 | AN17: 2026.74 | AO17: 2052.4 | AP17: 2075.08 | AQ17: 2096.93 | AR17: 2122.77 | AS17: 2130 | AT17: 2152.36
A18: 9 | B18: Калашников В.В. | C18: =INDEX($H18:$IV18,1,COUNTA($H18:$IV18)) -> 2710.89 | D18: =INDEX($H18:$IV18,1,COUNTA($H18:$IV18)-1) -> 2698.33 | G18: 22 | H18: 1287.49 | I18: 1344.12 | J18: 1397.79 | K18: 1445.27 | L18: 1491.56 | M18: 1534.34 | N18: 1575.48 | O18: 1616.72 | P18: 1657.92 | Q18: 1692.21 | R18: 1737.85 | S18: 1737.85 | T18: 1737.85 | U18: 1785.51 | V18: 1832.77 | W18: 1881.48 | X18: 1928.49 | Y18: 1974.55 | Z18: 2019.18 | AA18: 2056.89 | AB18: 2093.67 | AC18: 2129.7 | AD18: 2169.97 | AE18: 2213.73 | AF18: 2259.51 | AG18: 2306.72 | AH18: 2355.83 | AI18: 2403.48 | AJ18: 2453.97 | AK18: 2495.77 | AL18: 2537.98 | AM18: 2537.98 | AN18: 2537.98 | AO18: 2574.29 | AP18: 2607.41 | AQ18: 2639.56 | AR18: 2676.55 | AS18: 2698.33 | AT18: 2710.89
A19: 10 | B19: Картира Я.А. | C19: =INDEX($H19:$IV19,1,COUNTA($H19:$IV19)) -> 5042.34 | D19: =INDEX($H19:$IV19,1,COUNTA($H19:$IV19)-1) -> 4913.53 | E19: 1205.5 | G19: 8 | H19: 2073.32 | I19: 2133.49 | J19: 2166.23 | K19: 2188.99 | L19: 2224.41 | M19: 2260.89 | N19: 2312.26 | O19: 2366.91 | P19: 2425.36 | Q19: 2466.91 | R19: 2525.26 | S19: 2525.26 | T19: 2525.26 | U19: 2585.3 | V19: 2683.55 | W19: 2828.29 | X19: 2935.9 | Y19: 3051.29 | Z19: 3138.82 | AA19: 3180.51 | AB19: 3227.3 | AC19: 3278.61 | AD19: 3329.61 | AE19: 3381.89 | AF19: 3443.8 | AG19: 3576.41 | AH19: 3717.41 | AI19: 3826.14 | AJ19: 3938.1 | AK19: 4042.58 | AL19: 4149.67 | AM19: 4149.67 | AN19: 4149.67 | AO19: 4277.19 | AP19: 4400.51 | AQ19: 4545.66 | AR19: 4731.05 | AS19: 4913.53 | AT19: 5042.34
A20: 10 | B20: Картира Я.А. | C20: =INDEX($H20:$IV20,1,COUNTA($H20:$IV20)) -> 2208.45 | D20: =INDEX($H20:$IV20,1,COUNTA($H20:$IV20)-1) -> 2138.88 | G20: 8 | H20: 849.33 | I20: 869.44 | J20: 888.15 | K20: 905.25 | L20: 923.26 | M20: 945.65 | N20: 968.92 | O20: 987.67 | P20: 1007.37 | Q20: 1032.23 | R20: 1057.8 | S20: 1057.8 | T20: 1057.8 | U20: 1084.72 | V20: 1135.8 | W20: 1211.21 | X20: 1262.15 | Y20: 1313.14 | Z20: 1351.53 | AA20: 1374.24 | AB20: 1395.94 | AC20: 1418.29 | AD20: 1440.61 | AE20: 1465.75 | AF20: 1496.37 | AG20: 1553 | AH20: 1612.17 | AI20: 1671.52 | AJ20: 1735.27 | AK20: 1789.38 | AL20: 1845.49 | AM20: 1845.49 | AN20: 1845.49 | AO20: 1902.12 | AP20: 1950.82 | AQ20: 2003.56 | AR20: 2072.09 | AS20: 2138.88 | AT20: 2208.45
A21: 11 | B21: Касьяненко А.А. | C21: =INDEX($H21:$IV21,1,COUNTA($H21:$IV21)) -> 24123.17 | D21: =INDEX($H21:$IV21,1,COUNTA($H21:$IV21)-1) -> 23923.71 | E21: -53.74 | F21: 1310 | G21: 36 | H21: 14637.01 | I21: 14918.96 | J21: 15179.77 | K21: 15434.64 | L21: 15697.91 | M21: 15940.4 | N21: 16193.45 | O21: 16452.05 | P21: 16748.74 | Q21: 17059.55 | R21: 17314.97 | S21: 17314.97 | T21: 17314.97 | U21: 17593.74 | V21: 17872.32 | W21: 18184.85 | X21: 18480.17 | Y21: 18779.41 | Z21: 19041.14 | AA21: 19278.08 | AB21: 19546.11 | AC21: 19917.94 | AD21: 20236.46 | AE21: 20538.04 | AF21: 20795.6 | AG21: 21073.94 | AH21: 21369.53 | AI21: 21665.46 | AJ21: 21989.79 | AK21: 22278.94 | AL21: 22578.02 | AM21: 22578.02 | AN21: 22578.02 | AO21: 22844.74 | AP21: 23121.11 | AQ21: 23442.09 | AR21: 23733.36 | AS21: 23923.71 | AT21: 24123.17
A22: 11 | B22: Касьяненко А.А. | C22: =INDEX($H22:$IV22,1,COUNTA($H22:$IV22)) -> 8324.13 | D22: =INDEX($H22:$IV22,1,COUNTA($H22:$IV22)-1) -> 8257.05 | G22: 36 | H22: 5503.28 | I22: 5590.3 | J22: 5669.81 | K22: 5736.64 | L22: 5815.22 | M22: 5887.69 | N22: 5957.97 | O22: 6039.97 | P22: 6128.45 | Q22: 6210.48 | R22: 6279.95 | S22: 6279.95 | T22: 6279.95 | U22: 6354.42 | V22: 6436.03 | W22: 6521.22 | X22: 6603.65 | Y22: 6683.32 | Z22: 6760.09 | AA22: 6835.37 | AB22: 6929.59 | AC22: 7042.62 | AD22: 7142.11 | AE22: 7224.56 | AF22: 7289.25 | AG22: 7377.44 | AH22: 7476.05 | AI22: 7565.61 | AJ22: 7656.63 | AK22: 7733.72 | AL22: 7811.4 | AM22: 7811.4 | AN22: 7811.4 | AO22: 7883.58 | AP22: 7965.77 | AQ22: 8066.26 | AR22: 8187.87 | AS22: 8257.05 | AT22: 8324.13
A23: 12 | B23: Ким Т.В. | C23: =INDEX($H23:$IV23,1,COUNTA($H23:$IV23)) -> 15245.87 | D23: =INDEX($H23:$IV23,1,COUNTA($H23:$IV23)-1) -> 14438.65 | G23: 18 | H23: 23410.77 | I23: 24185.52 | J23: 25286.35 | K23: 26185.61 | L23: 27061.95 | M23: 27760.37 | N23: 28223.35 | O23: 28664.03 | P23: 29517.07 | Q23: 30227.96 | R23: 30817.4 | S23: 31535.19 | T23: 31535.19 | U23: 31201.33 | V23: 31919.12 | W23: 32727.57 | X23: 33516.07 | Y23: 34293.26 | Z23: 35072.91 | AA23: 35846/212 | AB23: 846.1 | AC23: 1745.39 | AD23: 2828.17 | AE23: 3851.17 | AF23: 4570.88 | AG23: 5358.71 | AH23: 6222.1 | AI23: 7098.75 | AJ23: 8036.85 | AK23: 8901.69 | AL23: 9803.86 | AM23: 9803.86 | AN23: 9803.86 | AO23: 10564.33 | AP23: 11360.53 | AQ23: 12411 | AR23: 13574.52 | AS23: 14438.65 | AT23: 15245.87
A24: 12 | B24: Ким Т.В. | C24: =INDEX($H24:$IV24,1,COUNTA($H24:$IV24)) -> 4359.82 | D24: =INDEX($H24:$IV24,1,COUNTA($H24:$IV24)-1) -> 4132.3 | G24: 18 | H24: 8826.8 | I24: 9184.42 | J24: 9665.7 | K24: 10046.41 | L24: 10393.76 | M24: 10670.27 | N24: 10855.07 | O24: 11064.03 | P24: 11405.17 | Q24: 11664.25 | R24: 11901.42 | S24: 12180.54 | T24: 12180.54 | U24: 12043.51 | V24: 12322.63 | W24: 12627.76 | X24: 12941.29 | Y24: 13220.95 | Z24: 13466.79 | AA24: 13711/71 | AB24: 283.81 | AC24: 540.75 | AD24: 911.38 | AE24: 1219.76 | AF24: 1438.1 | AG24: 1642.42 | AH24: 1854.95 | AI24: 2089.08 | AJ24: 2347.57 | AK24: 2577.27 | AL24: 2823.07 | AM24: 2823.07 | AN24: 2823.07 | AO24: 3032.31 | AP24: 3242.76 | AQ24: 3521 | AR24: 3885.21 | AS24: 4132.3 | AT24: 4359.82
A25: 13 | B25: Клокова Е.В. | C25: =INDEX($H25:$IV25,1,COUNTA($H25:$IV25)) -> 16096.2 | D25: =INDEX($H25:$IV25,1,COUNTA($H25:$IV25)-1) -> 15843.36 | E25: 2920.69 | F25: 3000 | G25: 2 | H25: 7518.51 | I25: 7746.42 | J25: 7958.3 | K25: 8143.95 | L25: 8329.56 | M25: 8499.97 | N25: 8674.74 | O25: 8993.51 | P25: 9265.17 | Q25: 9623.61 | R25: 9819 | S25: 9819 | T25: 9819 | U25: 10067.39 | V25: 10301.4 | W25: 10519.2 | X25: 10705.24 | Y25: 10887.32 | Z25: 11045.58 | AA25: 11181.27 | AB25: 11365.84 | AC25: 11797.71 | AD25: 12260.41 | AE25: 12571.62 | AF25: 12898.48 | AG25: 13152.04 | AH25: 13376.67 | AI25: 13555.4 | AJ25: 13753.39 | AK25: 13933.45 | AL25: 14123.75 | AM25: 14123.75 | AN25: 14123.75 | AO25: 14264.82 | AP25: 14443.11 | AQ25: 14942.46 | AR25: 15433.86 | AS25: 15843.36 | AT25: 16096.2
A26: 13 | B26: Клокова Е.В. | C26: =INDEX($H26:$IV26,1,COUNTA($H26:$IV26)) -> 6602.25 | D26: =INDEX($H26:$IV26,1,COUNTA($H26:$IV26)-1) -> 6481.59 | G26: 2 | H26: 2990.3 | I26: 3080.48 | J26: 3182.35 | K26: 3266.39 | L26: 3350.21 | M26: 3423.55 | N26: 3497.25 | O26: 3659.24 | P26: 3733.36 | Q26: 3883.01 | R26: 3970.05 | S26: 3970.05 | T26: 3970.05 | U26: 4066.37 | V26: 4154.8 | W26: 4236.81 | X26: 4316.73 | Y26: 4397.84 | Z26: 4466.4 | AA26: 4521.7 | AB26: 4590.32 | AC26: 4756.46 | AD26: 4956.7 | AE26: 5092.37 | AF26: 5239.45 | AG26: 5340.9 | AH26: 5419.58 | AI26: 5495.86 | AJ26: 5577.57 | AK26: 5647.99 | AL26: 5721.37 | AM26: 5721.37 | AN26: 5721.37 | AO26: 5778.89 | AP26: 5848.13 | AQ26: 6086.81 | AR26: 6287.74 | AS26: 6481.59 | AT26: 6602.25
A27: 14 | B27: Коваленко Р.Т. | C27: =INDEX($H27:$IV27,1,COUNTA($H27:$IV27)) -> 10.31 | D27: =INDEX($H27:$IV27,1,COUNTA($H27:$IV27)-1) -> 8.35 | E27: -63.18 | F27: 100 | G27: 9 | H27: 2.37 | I27: 2.37 | J27: 2.37 | K27: 2.67 | L27: 2.67 | M27: 2.69 | N27: 2.69 | O27: 3.18 | P27: 3.22 | Q27: 3.22 | R27: 3.22 | S27: 3.22 | T27: 3.22 | U27: 3.22 | V27: 3.22 | W27: 3.22 | X27: 3.22 | Y27: 3.64 | Z27: 3.75 | AA27: 3.92 | AB27: 3.94 | AC27: 3.94 | AD27: 3.95 | AE27: 4.14 | AF27: 4.14 | AG27: 4.14 | AH27: 4.15 | AI27: 4.15 | AJ27: 4.15 | AK27: 4.15 | AL27: 6.3 | AM27: 6.3 | AN27: 6.3 | AO27: 6.3 | AP27: 6.83 | AQ27: 6.83 | AR27: 7.82 | AS27: 8.35 | AT27: 10.31
A28: 14 | B28: Коваленко Р.Т. | C28: =INDEX($H28:$IV28,1,COUNTA($H28:$IV28)) -> 0 | D28: =INDEX($H28:$IV28,1,COUNTA($H28:$IV28)-1) -> 0 | G28: 9 | H28: 0 | I28: 0 | J28: 0 | K28: 0 | L28: 0 | M28: 0 | N28: 0 | O28: 0 | P28: 0 | Q28: 0 | R28: 0 | S28: 0 | T28: 0 | U28: 0 | V28: 0 | W28: 0 | X28: 0 | Y28: 0 | Z28: 0 | AA28: 0 | AB28: 0 | AC28: 0 | AD28: 0 | AE28: 0 | AF28: 0 | AG28: 0 | AH28: 0 | AI28: 0 | AJ28: 0 | AK28: 0 | AL28: 0 | AM28: 0 | AN28: 0 | AO28: 0 | AP28: 0 | AQ28: 0 | AR28: 0 | AS28: 0 | AT28: 0
A29: 15 | B29: Кралькина И.А. | C29: =INDEX($H29:$IV29,1,COUNTA($H29:$IV29)) -> 140791.9 | D29: =INDEX($H29:$IV29,1,COUNTA($H29:$IV29)-1) -> 139337.75 | E29: 16847.63 | F29: 16850 | G29: 15 | H29: 82816.23 | I29: 84568.17 | J29: 86304.51 | K29: 87699.32 | L29: 89110.3 | M29: 90555.48 | N29: 92016.79 | O29: 93818.41 | P29: 96103.76 | Q29: 97994.44 | R29: 99336.12 | S29: 99336.12 | T29: 99336.12 | U29: 100656.74 | V29: 102349.24 | W29: 104511.41 | X29: 106170.25 | Y29: 107769.92 | Z29: 109111.59 | AA29: 110192.63 | AB29: 111891.27 | AC29: 114236.35 | AD29: 116416.57 | AE29: 118392.45 | AF29: 119656.96 | AG29: 121298.68 | AH29: 123378.9 | AI29: 125105.81 | AJ29: 127270.5 | AK29: 128825.53 | AL29: 130282.72 | AM29: 130282.72 | AN29: 130282.72 | AO29: 131510.26 | AP29: 133034.35 | AQ29: 135250.69 | AR29: 137780.45 | AS29: 139337.75 | AT29: 140791.9
A30: 15 | B30: Кралькина И.А. | C30: =INDEX($H30:$IV30,1,COUNTA($H30:$IV30)) -> 52726.58 | D30: =INDEX($H30:$IV30,1,COUNTA($H30:$IV30)-1) -> 52145 | G30: 15 | H30: 30420.26 | I30: 30994.06 | J30: 31520.93 | K30: 31938.85 | L30: 32404.44 | M30: 32843.62 | N30: 33296.42 | O30: 33956.09 | P30: 34731.81 | Q30: 35422.37 | R30: 35945.13 | S30: 35945.13 | T30: 35945.13 | U30: 36445.29 | V30: 37110.37 | W30: 37986.51 | X30: 38710.66 | Y30: 39366.84 | Z30: 39895.4 | AA30: 40294.48 | AB30: 40994.2 | AC30: 41937.39 | AD30: 42836.7 | AE30: 43587.29 | AF30: 44121.01 | AG30: 44786.76 | AH30: 45710.31 | AI30: 46463.51 | AJ30: 47394.84 | AK30: 48055.85 | AL30: 48653.14 | AM30: 48653.14 | AN30: 48653.14 | AO30: 49142.26 | AP30: 49696.26 | AQ30: 50517.51 | AR30: 51488.36 | AS30: 52145 | AT30: 52726.58
A31: 16 | B31: Кудряшов Ю.Ю. | C31: =INDEX($H31:$IV31,1,COUNTA($H31:$IV31)) -> 11353.14 | D31: =INDEX($H31:$IV31,1,COUNTA($H31:$IV31)-1) -> 11109.4 | E31: 4352.1 | F31: 916.75 | G31: 41 | H31: 3887.35 | I31: 4156.67 | J31: 4407.49 | K31: 4617.1 | L31: 4838.46 | M31: 5027.45 | N31: 5177.1 | O31: 5331.51 | P31: 5596.89 | Q31: 5799.76 | R31: 6014.14 | S31: 6014.14 | T31: 6014.14 | U31: 6260.01 | V31: 6542 | W31: 6802.19 | X31: 7040.35 | Y31: 7270.76 | Z31: 7500.86 | AA31: 7705.86 | AB31: 7847.58 | AC31: 8068.56 | AD31: 8280.95 | AE31: 8489.9 | AF31: 8690.82 | AG31: 8937.6 | AH31: 9206.25 | AI31: 9457.34 | AJ31: 9720.32 | AK31: 9947.34 | AL31: 10194.37 | AM31: 10194.37 | AN31: 10194.37 | AO31: 10405.08 | AP31: 10586.01 | AQ31: 10762.85 | AR31: 10940.08 | AS31: 11109.4 | AT31: 11353.14
A32: 16 | B32: Кудряшов Ю.Ю. | C32: =INDEX($H32:$IV32,1,COUNTA($H32:$IV32)) -> 3589.45 | D32: =INDEX($H32:$IV32,1,COUNTA($H32:$IV32)-1) -> 3513.27 | G32: 41 | H32: 1265.47 | I32: 1351.15 | J32: 1436.65 | K32: 1509.45 | L32: 1578.73 | M32: 1636.96 | N32: 1683.54 | O32: 1733.58 | P32: 1814.44 | Q32: 1875.83 | R32: 1942.69 | S32: 1942.69 | T32: 1942.69 | U32: 2021.22 | V32: 2117.26 | W32: 2202.29 | X32: 2276.48 | Y32: 2350.7 | Z32: 2412.97 | AA32: 2468.11 | AB32: 2510.82 | AC32: 2577.13 | AD32: 2633.64 | AE32: 2683.45 | AF32: 2738.41 | AG32: 2815.58 | AH32: 2903.5 | AI32: 2989.64 | AJ32: 3080.49 | AK32: 3160.95 | AL32: 3245.68 | AM32: 3245.68 | AN32: 3245.68 | AO32: 3315.67 | AP32: 3368.21 | AQ32: 3419.91 | AR32: 3467.33 | AS32: 3513.27 | AT32: 3589.45
A33: 17 | B33: Курашин А.П. | C33: =INDEX($H33:$IV33,1,COUNTA($H33:$IV33)) -> 72.2 | D33: =INDEX($H33:$IV33,1,COUNTA($H33:$IV33)-1) -> 67.7 | E33: -268.98 | G33: 42 | H33: 0.8 | I33: 0.8 | J33: 0.8 | K33: 0.8 | L33: 0.8 | M33: 0.8 | N33: 1.7 | O33: 1.7 | P33: 1.7 | Q33: 1.7 | R33: 1.7 | S33: 1.7 | T33: 1.7 | U33: 1.7 | V33: 1.7 | W33: 1.7 | X33: 4.8 | Y33: 16.1 | Z33: 17.8 | AA33: 23.9 | AB33: 29.3 | AC33: 39.6 | AD33: 52.8 | AE33: 57.4 | AF33: 60.4 | AG33: 60.4 | AH33: 60.4 | AI33: 60.4 | AJ33: 60.4 | AK33: 60.4 | AL33: 60.4 | AM33: 60.4 | AN33: 60.4 | AO33: 60.4 | AP33: 60.4 | AQ33: 60.4 | AR33: 62.4 | AS33: 67.7 | AT33: 72.2
A34: 18 | B34: Лисина H.А. | C34: =INDEX($H34:$IV34,1,COUNTA($H34:$IV34)) -> 10522.53 | D34: =INDEX($H34:$IV34,1,COUNTA($H34:$IV34)-1) -> 10383.83 | E34: 2158.24 | F34: =919.03+1239.21 -> 2158.24 | G34: 7 | H34: 4022.14 | I34: 4313.31 | J34: 4588.48 | K34: 4798.65 | L34: 5000.23 | M34: 5235.13 | N34: 5426.22 | O34: 5606.62 | P34: 5784.11 | Q34: 5964.67 | R34: 6133.82 | S34: 6133.82 | T34: 6133.82 | U34: 6322.82 | V34: 6551.89 | W34: 6784.24 | X34: 6987.75 | Y34: 7168.74 | Z34: 7386.72 | AA34: 7576.28 | AB34: 7775.64 | AC34: 8002.5 | AD34: 8157.17 | AE34: 8256.24 | AF34: 8343.28 | AG34: 8461.58 | AH34: 8661.16 | AI34: 8886.96 | AJ34: 9101.15 | AK34: 9322.66 | AL34: 9509.37 | AM34: 9509.37 | AN34: 9509.37 | AO34: 9696.49 | AP34: 9859.64 | AQ34: 10031.8 | AR34: 10234.08 | AS34: 10383.83 | AT34: 10522.53
A35: 18 | B35: Лисина H.А. | C35: =INDEX($H35:$IV35,1,COUNTA($H35:$IV35)) -> 2902.79 | D35: =INDEX($H35:$IV35,1,COUNTA($H35:$IV35)-1) -> 2867.84 | G35: 7 | H35: 973.15 | I35: 1046.73 | J35: 1133.17 | K35: 1206.01 | L35: 1256.01 | M35: 1321.41 | N35: 1376.84 | O35: 1429.16 | P35: 1478.18 | Q35: 1522.2 | R35: 1573.29 | S35: 1573.29 | T35: 1573.29 | U35: 1629.92 | V35: 1711.06 | W35: 1785.53 | X35: 1870.02 | Y35: 1943.52 | Z35: 2005.24 | AA35: 2062.2 | AB35: 2112.19 | AC35: 2158.63 | AD35: 2209.46 | AE35: 2248.38 | AF35: 2283.01 | AG35: 2323.94 | AH35: 2378 | AI35: 2448.11 | AJ35: 2510.54 | AK35: 2573.79 | AL35: 2637.42 | AM35: 2637.42 | AN35: 2637.42 | AO35: 2690.99 | AP35: 2736.63 | AQ35: 2778.74 | AR35: 2827.09 | AS35: 2867.84 | AT35: 2902.79
A36: 19 | B36: Лисина Н.А. | C36: =INDEX($H36:$IV36,1,COUNTA($H36:$IV36)) -> 116.75 | D36: =INDEX($H36:$IV36,1,COUNTA($H36:$IV36)-1) -> 99.54 | E36: 415.72 | F36: =176.69+239.03 -> 415.72 | G36: 38 | H36: 154.8 | I36: 154.8 | J36: 154.8 | K36: 154.8 | L36: 0 | M36: 0.16 | N36: 0.16 | O36: 0.16 | P36: 0.16 | Q36: 0.16 | R36: 0.16 | S36: 0.16 | T36: 0.16 | U36: 0.16 | V36: 0.16 | W36: 0.16 | X36: 0.31 | Y36: 0.84 | Z36: 1 | AA36: 1.17 | AB36: 1.21 | AC36: 1.9 | AD36: 2.48 | AE36: 2.48 | AF36: 2.69 | AG36: 2.73 | AH36: 2.78 | AI36: 2.83 | AJ36: 2.83 | AK36: 2.86 | AL36: 2.86 | AM36: 2.86 | AN36: 2.86 | AO36: 2.86 | AP36: 6.42 | AQ36: 34.77 | AR36: 72.63 | AS36: 99.54 | AT36: 116.75
A37: 19 | B37: Лисина Н.А. | C37: =INDEX($H37:$IV37,1,COUNTA($H37:$IV37)) -> 43.72 | D37: =INDEX($H37:$IV37,1,COUNTA($H37:$IV37)-1) -> 35.53 | G37: 38 | H37: 0 | I37: 0 | J37: 0 | K37: 0 | L37: 0 | M37: 0 | N37: 0 | O37: 0 | P37: 0 | Q37: 0 | R37: 0 | S37: 0 | T37: 0 | U37: 0 | V37: 0 | W37: 0 | X37: 0.02 | Y37: 0.02 | Z37: 0.02 | AA37: 0.02 | AB37: 0.05 | AC37: 0.12 | AD37: 0.21 | AE37: 0.21 | AF37: 0.28 | AG37: 0.28 | AH37: 0.28 | AI37: 0.28 | AJ37: 0.28 | AK37: 0.29 | AL37: 0.29 | AM37: 0.29 | AN37: 0.29 | AO37: 0.29 | AP37: 0.29 | AQ37: 10.35 | AR37: 23.94 | AS37: 35.53 | AT37: 43.72
A38: 20 | B38: Макарова О.Н. | C38: =INDEX($H38:$IV38,1,COUNTA($H38:$IV38)) -> 25224.3 | D38: =INDEX($H38:$IV38,1,COUNTA($H38:$IV38)-1) -> 24772.9 | E38: -568.91 | F38: 1000 | G38: 6 | H38: 8615.7 | I38: 8901.2 | J38: 10077.9 | K38: 10733.9 | L38: 11300.6 | M38: 11552.6 | N38: 11667.4 | O38: 11783.8 | P38: 11882.3 | Q38: 11992.6 | R38: 12086.6 | S38: 12086.6 | T38: 12086.6 | U38: 12448.4 | V38: 13196.9 | W38: 14061 | X38: 14954.3 | Y38: 15602.1 | Z38: 15893.5 | AA38: 16018.7 | AB38: 16162.6 | AC38: 16319.3 | AD38: 16378.1 | AE38: 16638 | AF38: 16938 | AG38: 17630.4 | AH38: 18707.3 | AI38: 20000.7 | AJ38: 21585.1 | AK38: 22497.9 | AL38: 23569.2 | AM38: 23569.2 | AN38: 23569.2 | AO38: 23965.3 | AP38: 24128.8 | AQ38: 24317.3 | AR38: 24531.7 | AS38: 24772.9 | AT38: 25224.3
A39: 21 | B39: Милакина М.В. | C39: =INDEX($H39:$IV39,1,COUNTA($H39:$IV39)) -> 26511.9 | D39: =INDEX($H39:$IV39,1,COUNTA($H39:$IV39)-1) -> 26168.58 | E39: 2064.55 | F39: 4600 | G39: 31 | H39: 14487.48 | I39: 14845.08 | J39: 15372.63 | K39: 15643.41 | L39: 15898.35 | M39: 16269.91 | N39: 16606.34 | O39: 17021.92 | P39: 17456.57 | Q39: 17905.24 | R39: 18265.72 | S39: 18265.72 | T39: 18265.72 | U39: 18599.53 | V39: 18977.53 | W39: 19571.38 | X39: 20115.09 | Y39: 20416.53 | Z39: 20711.42 | AA39: 21000.85 | AB39: 21202.93 | AC39: 21434.05 | AD39: 21650.96 | AE39: 21909.35 | AF39: 22128.72 | AG39: 22320.82 | AH39: 22670.19 | AI39: 23251.79 | AJ39: 23927.94 | AK39: 24339.54 | AL39: 24718.26 | AM39: 24718.26 | AN39: 24718.26 | AO39: 25011.78 | AP39: 25271.84 | AQ39: 25579.34 | AR39: 25855.06 | AS39: 26168.58 | AT39: 26511.9
A40: 21 | B40: Милакина М.В. | C40: =INDEX($H40:$IV40,1,COUNTA($H40:$IV40)) -> 14148.45 | D40: =INDEX($H40:$IV40,1,COUNTA($H40:$IV40)-1) -> 13997.3 | G40: 31 | H40: 8380.91 | I40: 8618.74 | J40: 8944.27 | K40: 9113.17 | L40: 9238.01 | M40: 9423.11 | N40: 9598.55 | O40: 9777.78 | P40: 9935.14 | Q40: 10153.39 | R40: 10333.16 | S40: 10333.16 | T40: 10333.16 | U40: 10506.4 | V40: 10712.1 | W40: 11015.98 | X40: 11296.96 | Y40: 11434.8 | Z40: 11567.89 | AA40: 11682.14 | AB40: 11792.6 | AC40: 11897.12 | AD40: 12007.29 | AE40: 12122.42 | AF40: 12221.36 | AG40: 12304.76 | AH40: 12465.13 | AI40: 12749.17 | AJ40: 13076.91 | AK40: 13283.06 | AL40: 13461.28 | AM40: 13461.28 | AN40: 13461.28 | AO40: 13596.65 | AP40: 13702.02 | AQ40: 13799.4 | AR40: 13888.46 | AS40: 13997.3 | AT40: 14148.45
A41: 22 | B41: Мирошниченко Л.В. | C41: =INDEX($H41:$IV41,1,COUNTA($H41:$IV41)) -> 19430.07 | D41: =INDEX($H41:$IV41,1,COUNTA($H41:$IV41)-1) -> 19306.05 | E41: 1236.49 | F41: 1236.49 | G41: 11 | H41: 11374.89 | I41: 11666.85 | J41: 11965.72 | K41: 12198.88 | L41: 12444.64 | M41: 12662.26 | N41: 12850.67 | O41: 13030.47 | P41: 13197.5 | Q41: 13383.49 | R41: 13568.33 | S41: 13568.33 | T41: 13568.33 | U41: 13797.7 | V41: 14074.05 | W41: 14383.23 | X41: 14675.16 | Y41: 14939.75 | Z41: 15174.88 | AA41: 15352.46 | AB41: 15557.84 | AC41: 15855.44 | AD41: 16087.37 | AE41: 16316.93 | AF41: 16519.35 | AG41: 16782.29 | AH41: 17073.46 | AI41: 17368.22 | AJ41: 17690.92 | AK41: 17946.59 | AL41: 18211 | AM41: 18211 | AN41: 18211 | AO41: 18406.52 | AP41: 18600.26 | AQ41: 18824.33 | AR41: 19118.52 | AS41: 19306.05 | AT41: 19430.07
A42: 22 | B42: Мирошниченко Л.В. | C42: =INDEX($H42:$IV42,1,COUNTA($H42:$IV42)) -> 8356.11 | D42: =INDEX($H42:$IV42,1,COUNTA($H42:$IV42)-1) -> 8311.13 | G42: 11 | H42: 4815.41 | I42: 4943.41 | J42: 5078.33 | K42: 5185.35 | L42: 5293.51 | M42: 5389.97 | N42: 5469.69 | O42: 5549.8 | P42: 5618.01 | Q42: 5693.78 | R42: 5773.06 | S42: 5773.06 | T42: 5773.06 | U42: 5877.09 | V42: 6000.39 | W42: 6131.57 | X42: 6269.08 | Y42: 6390.3 | Z42: 6495.94 | AA42: 6579.03 | AB42: 6673.05 | AC42: 6797.9 | AD42: 6906.64 | AE42: 7002.99 | AF42: 7096.07 | AG42: 7216.96 | AH42: 7353.6 | AI42: 7498.6 | AJ42: 7646.38 | AK42: 7762.5 | AL42: 7881.64 | AM42: 7881.64 | AN42: 7881.64 | AO42: 7961.89 | AP42: 8041.27 | AQ42: 8132.48 | AR42: 8243.57 | AS42: 8311.13 | AT42: 8356.11
A43: 23 | B43: Митрофанова И.В. | C43: =INDEX($H43:$IV43,1,COUNTA($H43:$IV43)) -> 0 | D43: =INDEX($H43:$IV43,1,COUNTA($H43:$IV43)-1) -> 0 | E43: 0 | G43: 58 | H43: 0 | I43: 0 | J43: 0 | K43: 0 | L43: 0 | M43: 0 | N43: 0 | O43: 0 | P43: 0 | Q43: 0 | R43: 0 | S43: 0 | T43: 0 | U43: 0 | V43: 0 | W43: 0 | X43: 0 | Y43: 0 | Z43: 0 | AA43: 0 | AB43: 0 | AC43: 0 | AD43: 0 | AE43: 0 | AF43: 0 | AG43: 0 | AH43: 0 | AI43: 0 | AJ43: 0 | AK43: 0 | AL43: 0 | AM43: 0 | AN43: 0 | AO43: 0 | AP43: 0 | AQ43: 0 | AR43: 0 | AS43: 0 | AT43: 0
A44: 23 | B44: Митрофанова И.В. | C44: =INDEX($H44:$IV44,1,COUNTA($H44:$IV44)) -> 0 | D44: =INDEX($H44:$IV44,1,COUNTA($H44:$IV44)-1) -> 0 | G44: 58 | H44: 0 | I44: 0 | J44: 0 | K44: 0 | L44: 0 | M44: 0 | N44: 0 | O44: 0 | P44: 0 | Q44: 0 | R44: 0 | S44: 0 | T44: 0 | U44: 0 | V44: 0 | W44: 0 | X44: 0 | Y44: 0 | Z44: 0 | AA44: 0 | AB44: 0 | AC44: 0 | AD44: 0 | AE44: 0 | AF44: 0 | AG44: 0 | AH44: 0 | AI44: 0 | AJ44: 0 | AK44: 0 | AL44: 0 | AM44: 0 | AN44: 0 | AO44: 0 | AP44: 0 | AQ44: 0 | AR44: 0 | AS44: 0 | AT44: 0
A45: 24 | B45: Михайленко C.Г. | C45: =INDEX($H45:$IV45,1,COUNTA($H45:$IV45)) -> 39313.1 | D45: =INDEX($H45:$IV45,1,COUNTA($H45:$IV45)-1) -> 39062.5 | E45: 2631.75 | F45: 2640 | G45: 26 | H45: 27405 | I45: 27943 | J45: 28627.2 | K45: 29032.7 | L45: 29434.1 | M45: 29728.6 | N45: 29948.4 | O45: 30170.2 | P45: 30393.4 | Q45: 30629.6 | R45: 30865.4 | S45: 30865.4 | T45: 30865.4 | U45: 31235.1 | V45: 31838.3 | W45: 32776.9 | X45: 33653.3 | Y45: 34317.3 | Z45: 34622.1 | AA45: 34857.5 | AB45: 35116.2 | AC45: 35427.2 | AD45: 35715 | AE45: 35900.4 | AF45: 36056.5 | AG45: 36319.5 | AH45: 36614.9 | AI45: 36733.7 | AJ45: 36995.4 | AK45: 37302.7 | AL45: 37759.4 | AM45: 37759.4 | AN45: 37759.4 | AO45: 38050.6 | AP45: 38307 | AQ45: 38558.3 | AR45: 38823.5 | AS45: 39062.5 | AT45: 39313.1
A46: 25 | B46: Михайленко С.Г. | C46: =INDEX($H46:$IV46,1,COUNTA($H46:$IV46)) -> 4945.5 | D46: =INDEX($H46:$IV46,1,COUNTA($H46:$IV46)-1) -> 4945.5 | E46: -15.04 | G46: 27 | H46: 4945.5 | I46: 4945.5 | J46: 4945.5 | K46: 4945.5 | L46: 4945.5 | M46: 4945.5 | N46: 4945.5 | O46: 4945.5 | P46: 4945.5 | Q46: 4945.5 | R46: 4945.5 | S46: 4945.5 | T46: 4945.5 | U46: 4945.5 | V46: 4945.5 | W46: 4945.5 | X46: 4945.5 | Y46: 4945.5 | Z46: 4945.5 | AA46: 4945.5 | AB46: 4945.5 | AC46: 4945.5 | AD46: 4945.5 | AE46: 4945.5 | AF46: 4945.5 | AG46: 4945.5 | AH46: 4945.5 | AI46: 4945.5 | AJ46: 4945.5 | AK46: 4945.5 | AL46: 4945.5 | AM46: 4945.5 | AN46: 4945.5 | AO46: 4945.5 | AP46: 4945.5 | AQ46: 4945.5 | AR46: 4945.5 | AS46: 4945.5 | AT46: 4945.5
A47: 26 | B47: Ненахов С.А. | C47: =INDEX($H47:$IV47,1,COUNTA($H47:$IV47)) -> 46053.79 | D47: =INDEX($H47:$IV47,1,COUNTA($H47:$IV47)-1) -> 45418.89 | E47: 19047.41 | F47: 19047.41 | G47: 20 | H47: 22377.42 | I47: 22994.6 | J47: 23555.94 | K47: 24177.55 | L47: 24688.2 | M47: 25561.06 | N47: 26384.46 | O47: 27173.66 | P47: 28129.05 | Q47: 28869.95 | R47: 29549.34 | S47: 29549.34 | T47: 29549.34 | U47: 30119.16 | V47: 30677 | W47: 31252.06 | X47: 31797.15 | Y47: 32316.04 | Z47: 32899.36 | AA47: 33390.34 | AB47: 34205.54 | AC47: 35232.2 | AD47: 36063.26 | AE47: 36758.49 | AF47: 37400.6 | AG47: 37962.52 | AH47: 38511 | AI47: 39051.94 | AJ47: 39646.94 | AK47: 40140.66 | AL47: 40649.25 | AM47: 40649.25 | AN47: 40649.25 | AO47: 41460.62 | AP47: 42325.38 | AQ47: 43335.67 | AR47: 44609.76 | AS47: 45418.89 | AT47: 46053.79
A48: 26 | B48: Ненахов С.А. | C48: =INDEX($H48:$IV48,1,COUNTA($H48:$IV48)) -> 17602.69 | D48: =INDEX($H48:$IV48,1,COUNTA($H48:$IV48)-1) -> 17224.52 | G48: 20 | H48: 8569.42 | I48: 8809.12 | J48: 9038.97 | K48: 9289.72 | L48: 9496.78 | M48: 9830.52 | N48: 10166.72 | O48: 10449.88 | P48: 10767.86 | Q48: 11057.43 | R48: 11325.95 | S48: 11325.95 | T48: 11325.95 | U48: 11553.37 | V48: 11773.25 | W48: 12004.09 | X48: 12228.18 | Y48: 12442.86 | Z48: 12682.28 | AA48: 12856.75 | AB48: 13195.54 | AC48: 13525.42 | AD48: 13813.9 | AE48: 14054.27 | AF48: 14286.96 | AG48: 14517.97 | AH48: 14739.34 | AI48: 14966.31 | AJ48: 15228.14 | AK48: 15440.7 | AL48: 15673.02 | AM48: 15673.02 | AN48: 15673.02 | AO48: 15992 | AP48: 16301.75 | AQ48: 16647.04 | AR48: 17052.96 | AS48: 17224.52 | AT48: 17602.69
A49: 27 | B49: Новацкий О.В. | C49: =INDEX($H49:$IV49,1,COUNTA($H49:$IV49)) -> 13372.67 | D49: =INDEX($H49:$IV49,1,COUNTA($H49:$IV49)-1) -> 13168.71 | E49: -47.77 | F49: 1500 | G49: 50 | H49: 6487.95 | I49: 6584.23 | J49: 6821.26 | K49: 6998.68 | L49: 7157.39 | M49: 7304.57 | N49: 7404.63 | O49: 7523.11 | P49: 7645.82 | Q49: 7825.1 | R49: 7968.22 | S49: 7968.22 | T49: 7968.22 | U49: 8126.09 | V49: 8326.88 | W49: 8545.34 | X49: 8732.8 | Y49: 8901.49 | Z49: 9083.42 | AA49: 9230.72 | AB49: 9343.17 | AC49: 9569.73 | AD49: 9867.54 | AE49: 10093.19 | AF49: 10271.58 | AG49: 10525.21 | AH49: 10765.38 | AI49: 10989.76 | AJ49: 11228.96 | AK49: 11437.96 | AL49: 11666.36 | AM49: 11666.36 | AN49: 11666.36 | AO49: 11876.33 | AP49: 12109.79 | AQ49: 12520.86 | AR49: 12941.1 | AS49: 13168.71 | AT49: 13372.67
A50: 27 | B50: Новацкий О.В. | C50: =INDEX($H50:$IV50,1,COUNTA($H50:$IV50)) -> 5584.13 | D50: =INDEX($H50:$IV50,1,COUNTA($H50:$IV50)-1) -> 5499.52 | G50: 50 | H50: 2856.52 | I50: 2902.82 | J50: 2990.44 | K50: 3071.11 | L50: 3144.74 | M50: 3207.49 | N50: 3255.44 | O50: 3311.01 | P50: 3366.13 | Q50: 3443.61 | R50: 3510.3 | S50: 3510.3 | T50: 3510.3 | U50: 3580.85 | V50: 3664.23 | W50: 3749.72 | X50: 3829.08 | Y50: 3902.98 | Z50: 3979.12 | AA50: 4047.15 | AB50: 4097.63 | AC50: 4161.88 | AD50: 4249.5 | AE50: 4343.18 | AF50: 4417.51 | AG50: 4521.4 | AH50: 4623.41 | AI50: 4724.24 | AJ50: 4832.22 | AK50: 4923.85 | AL50: 5024.19 | AM50: 5024.19 | AN50: 5024.19 | AO50: 5121.02 | AP50: 5214.22 | AQ50: 5318.84 | AR50: 5422 | AS50: 5499.52 | AT50: 5584.13
A51: 28 | B51: Носовский В.А. | C51: =INDEX($H51:$IV51,1,COUNTA($H51:$IV51)) -> 43.61 | D51: =INDEX($H51:$IV51,1,COUNTA($H51:$IV51)-1) -> 43.56 | E51: -302.7 | G51: 4 | H51: 36.5 | I51: 36.5 | J51: 36.5 | K51: 36.5 | L51: 36.5 | M51: 37.66 | N51: 38.47 | O51: 38.47 | P51: 38.48 | Q51: 38.67 | R51: 38.67 | S51: 38.67 | T51: 38.67 | U51: 38.68 | V51: 38.68 | W51: 38.69 | X51: 38.69 | Y51: 38.69 | Z51: 38.72 | AA51: 39.16 | AB51: 39.16 | AC51: 39.16 | AD51: 39.2 | AE51: 39.23 | AF51: 39.25 | AG51: 39.25 | AH51: 39.25 | AI51: 39.25 | AJ51: 39.25 | AK51: 41.36 | AL51: 41.36 | AM51: 41.36 | AN51: 41.36 | AO51: 42.53 | AP51: 42.56 | AQ51: 43.03 | AR51: 43.09 | AS51: 43.56 | AT51: 43.61
A52: 28 | B52: Носовский В.А. | C52: =INDEX($H52:$IV52,1,COUNTA($H52:$IV52)) -> 3.39 | D52: =INDEX($H52:$IV52,1,COUNTA($H52:$IV52)-1) -> 3.34 | G52: 4 | H52: 2.85 | I52: 2.85 | J52: 2.85 | K52: 2.85 | L52: 2.85 | M52: 2.85 | N52: 2.85 | O52: 2.85 | P52: 2.87 | Q52: 2.88 | R52: 2.88 | S52: 2.88 | T52: 2.88 | U52: 2.88 | V52: 2.88 | W52: 2.88 | X52: 2.88 | Y52: 2.88 | Z52: 2.88 | AA52: 2.88 | AB52: 2.88 | AC52: 2.88 | AD52: 2.88 | AE52: 2.88 | AF52: 2.88 | AG52: 2.88 | AH52: 2.88 | AI52: 2.88 | AJ52: 2.88 | AK52: 2.88 | AL52: 2.88 | AM52: 2.88 | AN52: 2.88 | AO52: 2.9 | AP52: 2.95 | AQ52: 3.2 | AR52: 3.27 | AS52: 3.34 | AT52: 3.39
A53: 29 | B53: Ольшинецкий В.В. | C53: =INDEX($H53:$IV53,1,COUNTA($H53:$IV53)) -> 7069.85 | D53: =INDEX($H53:$IV53,1,COUNTA($H53:$IV53)-1) -> 6963.03 | E53: -49.89 | F53: 1350 | G53: 32 | H53: 4330.26 | I53: 4452.13 | J53: 4519.38 | K53: 4591.71 | L53: 4670.86 | M53: 4740.95 | N53: 4799.47 | O53: 4858.42 | P53: 4926.1 | Q53: 4996.75 | R53: 5068.74 | S53: 5068.74 | T53: 5068.74 | U53: 5139.91 | V53: 5205.01 | W53: 5273.93 | X53: 5335.86 | Y53: 5409.97 | Z53: 5516.23 | AA53: 5606.29 | AB53: 5662.33 | AC53: 5725.76 | AD53: 5785.97 | AE53: 5852.31 | AF53: 5953.89 | AG53: 6046.95 | AH53: 6122.27 | AI53: 6224.04 | AJ53: 6341.65 | AK53: 6445.66 | AL53: 6572.56 | AM53: 6572.56 | AN53: 6572.56 | AO53: 6718.6 | AP53: 6774.73 | AQ53: 6834.2 | AR53: 6899.73 | AS53: 6963.03 | AT53: 7069.85
A54: 29 | B54: Ольшинецкий В.В. | C54: =INDEX($H54:$IV54,1,COUNTA($H54:$IV54)) -> 1837.21 | D54: =INDEX($H54:$IV54,1,COUNTA($H54:$IV54)-1) -> 1797.76 | G54: 32 | H54: 853.07 | I54: 887.05 | J54: 911.94 | K54: 929.87 | L54: 964.9 | M54: 984.82 | N54: 1001.97 | O54: 1018.4 | P54: 1035.92 | Q54: 1050.64 | R54: 1071.09 | S54: 1071.09 | T54: 1071.09 | U54: 1099.52 | V54: 1130.84 | W54: 1191.52 | X54: 1211.97 | Y54: 1250.33 | Z54: 1315.25 | AA54: 1361.9 | AB54: 1375.77 | AC54: 1390.78 | AD54: 1407.55 | AE54: 1424.24 | AF54: 1459.38 | AG54: 1504.4 | AH54: 1520.71 | AI54: 1553.56 | AJ54: 1594.06 | AK54: 1628.26 | AL54: 1657.98 | AM54: 1657.98 | AN54: 1657.98 | AO54: 1728.71 | AP54: 1745.77 | AQ54: 1763.4 | AR54: 1780.76 | AS54: 1797.76 | AT54: 1837.21
A55: 30 | B55: Оселедец В.Д. | C55: =INDEX($H55:$IV55,1,COUNTA($H55:$IV55)) -> 2305.6 | D55: =INDEX($H55:$IV55,1,COUNTA($H55:$IV55)-1) -> 2300.6 | E55: 38.69 | F55: 57 | G55: 48 | H55: 1258 | I55: 1305 | J55: 1332.4 | K55: 1389.3 | L55: 1432.8 | M55: 1440.6 | N55: 1447 | O55: 1453 | P55: 1458.7 | Q55: 1464.6 | R55: 1470.3 | S55: 1470.3 | T55: 1470.3 | U55: 1476.1 | V55: 1517.1 | W55: 1577.3 | X55: 1635.9 | Y55: 1682.8 | Z55: 1689 | AA55: 1696.6 | AB55: 1710.2 | AC55: 1718.7 | AD55: 1833.8 | AE55: 1942.3 | AF55: 1950.8 | AG55: 1971.1 | AH55: 2057 | AI55: 2139.8 | AJ55: 2226.9 | AK55: 2269.3 | AL55: 2274.7 | AM55: 2274.7 | AN55: 2274.7 | AO55: 2279.9 | AP55: 2285.2 | AQ55: 2290.2 | AR55: 2295.6 | AS55: 2300.6 | AT55: 2305.6
A56: 31 | B56: Пильник А.Я. | C56: =INDEX($H56:$IV56,1,COUNTA($H56:$IV56)) -> 21100.61 | D56: =INDEX($H56:$IV56,1,COUNTA($H56:$IV56)-1) -> 20816.77 | E56: 2665.42 | F56: 2665.42 | G56: 33 | H56: 11501.96 | I56: 11700.28 | J56: 11886.74 | K56: 12025.59 | L56: 12207.75 | M56: 12506.54 | N56: 12793.59 | O56: 13117.96 | P56: 13567.79 | Q56: 13939.51 | R56: 14185.42 | S56: 14185.42 | T56: 14185.42 | U56: 14389.11 | V56: 14616.12 | W56: 14882.07 | X56: 15069.5 | Y56: 15250.38 | Z56: 15526.35 | AA56: 15813.56 | AB56: 16165.07 | AC56: 16641.4 | AD56: 17094.8 | AE56: 17538.47 | AF56: 17785.88 | AG56: 17979.33 | AH56: 18165.12 | AI56: 18352.39 | AJ56: 18551.54 | AK56: 18732.99 | AL56: 18932.4 | AM56: 18932.4 | AN56: 18932.4 | AO56: 19149.45 | AP56: 19454.19 | AQ56: 19911.11 | AR56: 20435.35 | AS56: 20816.77 | AT56: 21100.61
A57: 31 | B57: Пильник А.Я. | C57: =INDEX($H57:$IV57,1,COUNTA($H57:$IV57)) -> 7930.14 | D57: =INDEX($H57:$IV57,1,COUNTA($H57:$IV57)-1) -> 7812.25 | G57: 33 | H57: 4116.61 | I57: 4185.16 | J57: 4260.914 | K57: 4318.98 | L57: 4389.6 | M57: 4515.34 | N57: 4639.88 | O57: 4778.09 | P57: 4918.09 | Q57: 5057.93 | R57: 5163.48 | S57: 5163.48 | T57: 5163.48 | U57: 5245.68 | V57: 5340.24 | W57: 5459.36 | X57: 5532.83 | Y57: 5603.81 | Z57: 5716.43 | AA57: 5843.31 | AB57: 6001.49 | AC57: 6190.02 | AD57: 6381.53 | AE57: 6542.02 | AF57: 6639.04 | AG57: 6716.21 | AH57: 6788.99 | AI57: 6859.13 | AJ57: 6925.23 | AK57: 6992.18 | AL57: 7067.64 | AM57: 7067.64 | AN57: 7067.64 | AO57: 7154.3 | AP57: 7285.71 | AQ57: 7449.87 | AR57: 7656.81 | AS57: 7812.25 | AT57: 7930.14
A58: 32 | B58: Рок М.В. | C58: =INDEX($H58:$IV58,1,COUNTA($H58:$IV58)) -> 10762.83 | D58: =INDEX($H58:$IV58,1,COUNTA($H58:$IV58)-1) -> 10736 | E58: -305.72 | F58: 1000 | G58: 34 | H58: 9293.42 | I58: 9438.66 | J58: 9646.89 | K58: 9661.09 | L58: 9674.47 | M58: 9697.68 | N58: 9697.75 | O58: 9697.81 | P58: 9697.96 | Q58: 9698.81 | R58: 9701.17 | S58: 9701.17 | T58: 9701.17 | U58: 9740.88 | V58: 9917.04 | W58: 10111.59 | X58: 10167.13 | Y58: 10212.55 | Z58: 10223.39 | AA58: 10228.1 | AB58: 10232.29 | AC58: 10236.46 | AD58: 10240.56 | AE58: 10244.97 | AF58: 10263.33 | AG58: 10283.69 | AH58: 10337.84 | AI58: 10424.63 | AJ58: 10536.23 | AK58: 10586.61 | AL58: 10621.76 | AM58: 10621.76 | AN58: 10621.76 | AO58: 10644.55 | AP58: 10666.17 | AQ58: 10686.85 | AR58: 10713.66 | AS58: 10736 | AT58: 10762.83
A59: 32 | B59: Рок М.В. | C59: =INDEX($H59:$IV59,1,COUNTA($H59:$IV59)) -> 5317.06 | D59: =INDEX($H59:$IV59,1,COUNTA($H59:$IV59)-1) -> 5297.51 | G59: 34 | H59: 3937.09 | I59: 4008.74 | J59: 4118.98 | K59: 4118.98 | L59: 4123.63 | M59: 4133.31 | N59: 4133.31 | O59: 4133.31 | P59: 4133.31 | Q59: 4133.31 | R59: 4133.31 | S59: 4133.31 | T59: 4133.31 | U59: 4148.01 | V59: 4236.27 | W59: 4341.54 | X59: 4489.09 | Y59: 4630.69 | Z59: 4671.11 | AA59: 4673.54 | AB59: 4675.71 | AC59: 4677.68 | AD59: 4679.68 | AE59: 4681.77 | AF59: 4712.21 | AG59: 4804.06 | AH59: 4875.92 | AI59: 4959.41 | AJ59: 5051.4 | AK59: 5139.5 | AL59: 5225.22 | AM59: 5225.22 | AN59: 5225.22 | AO59: 5257.11 | AP59: 5267.28 | AQ59: 5276.79 | AR59: 5286.98 | AS59: 5297.51 | AT59: 5317.06
A60: 33 | B60: Рубцова Т.В. | C60: =INDEX($H60:$IV60,1,COUNTA($H60:$IV60)) -> 18131.82 | D60: =INDEX($H60:$IV60,1,COUNTA($H60:$IV60)-1) -> 17867.33 | E60: 2444.65 | F60: 2000 | G60: 56-А | H60: 9854.91 | I60: 10002.01 | J60: 10165.86 | K60: 10323.98 | L60: 10468.75 | M60: 10642.28 | N60: 10802.17 | O60: 11004.55 | P60: 11238.33 | Q60: 11513.43 | R60: 11727.38 | S60: 11727.38 | T60: 11727.38 | U60: 11972.01 | V60: 12153.09 | W60: 12365.48 | X60: 12580.7 | Y60: 12766.99 | Z60: 12970.11 | AA60: 13129.89 | AB60: 13359.92 | AC60: 13614.29 | AD60: 14013.02 | AE60: 14358.81 | AF60: 14611.02 | AG60: 14891.3 | AH60: 15156.52 | AI60: 15430.6 | AJ60: 15712.78 | AK60: 15981.03 | AL60: 16257.13 | AM60: 16257.13 | AN60: 16257.13 | AO60: 16504.66 | AP60: 16804.19 | AQ60: 17158.93 | AR60: 17543.97 | AS60: 17867.33 | AT60: 18131.82
A61: 33 | B61: Рубцова Т.В. | C61: =INDEX($H61:$IV61,1,COUNTA($H61:$IV61)) -> 6382.58 | D61: =INDEX($H61:$IV61,1,COUNTA($H61:$IV61)-1) -> 6251.39 | G61: 56-А | H61: 3200.93 | I61: 3267.48 | J61: 3324.93 | K61: 3378.67 | L61: 3438.8 | M61: 3502.43 | N61: 3553.95 | O61: 3627.44 | P61: 3715.29 | Q61: 3785.54 | R61: 3845.22 | S61: 3845.22 | T61: 3845.22 | U61: 3926.17 | V61: 3999.1 | W61: 4092.45 | X61: 4179.2 | Y61: 4263.2 | Z61: 4336.31 | AA61: 4408.48 | AB61: 4498.29 | AC61: 4615.72 | AD61: 4790.39 | AE61: 4888.84 | AF61: 4984.37 | AG61: 5101.94 | AH61: 5214.47 | AI61: 5335.69 | AJ61: 5443.81 | AK61: 5555.84 | AL61: 5669.59 | AM61: 5669.59 | AN61: 5669.59 | AO61: 5768.88 | AP61: 5859.28 | AQ61: 5959.66 | AR61: 6122.38 | AS61: 6251.39 | AT61: 6382.58
A62: 34 | B62: Самойленко С.Б. | C62: =INDEX($H62:$IV62,1,COUNTA($H62:$IV62)) -> 22495.56 | D62: =INDEX($H62:$IV62,1,COUNTA($H62:$IV62)-1) -> 22212.48 | E62: 2131.55 | F62: 2200 | G62: 37 | H62: 8501.91 | I62: 8999.56 | J62: 9467.14 | K62: 9848.38 | L62: 10149.05 | M62: 10518.76 | N62: 10862.84 | O62: 11333.99 | P62: 12052.47 | Q62: 12531.62 | R62: 12859.26 | S62: 12859.26 | T62: 12859.26 | U62: 13257.55 | V62: 13710.2 | W62: 14163.22 | X62: 14633.37 | Y62: 15192.82 | Z62: 15591.09 | AA62: 15866.66 | AB62: 16227.09 | AC62: 16835.95 | AD62: 17423.49 | AE62: 17849.31 | AF62: 18102.88 | AG62: 18388.04 | AH62: 18727.19 | AI62: 19059.82 | AJ62: 19406.89 | AK62: 19712.71 | AL62: 20022.73 | AM62: 20022.73 | AN62: 20022.73 | AO62: 20327.28 | AP62: 20574.32 | AQ62: 21253.57 | AR62: 21889.3 | AS62: 22212.48 | AT62: 22495.56
A63: 34 | B63: Самойленко С.Б. | C63: =INDEX($H63:$IV63,1,COUNTA($H63:$IV63)) -> 7614.4 | D63: =INDEX($H63:$IV63,1,COUNTA($H63:$IV63)-1) -> 7484.31 | G63: 37 | H63: 2078.66 | I63: 2271.19 | J63: 2451.772 | K63: 2606.56 | L63: 2757.32 | M63: 2896.47 | N63: 3026.72 | O63: 3183.4 | P63: 3468.9 | Q63: 3681.51 | R63: 3806.5 | S63: 3806.5 | T63: 3806.5 | U63: 3953.85 | V63: 4141.32 | W63: 4339.46 | X63: 4547.26 | Y63: 4775.55 | Z63: 4945.88 | AA63: 5081.49 | AB63: 5214.25 | AC63: 5377.11 | AD63: 5546.44 | AE63: 5654.81 | AF63: 5760.17 | AG63: 5888.63 | AH63: 6033.26 | AI63: 6176.95 | AJ63: 6326.59 | AK63: 6464.61 | AL63: 6608.65 | AM63: 6608.65 | AN63: 6608.65 | AO63: 6743.8 | AP63: 6833.47 | AQ63: 7103.12 | AR63: 7380.4 | AS63: 7484.31 | AT63: 7614.4
A64: 35 | B64: Сидорец А.С. | C64: =INDEX($H64:$IV64,1,COUNTA($H64:$IV64)) -> 21462.44 | D64: =INDEX($H64:$IV64,1,COUNTA($H64:$IV64)-1) -> 21263.32 | E64: 2110.45 | F64: 2110.45 | G64: 29 | H64: 12169.66 | I64: 12438.53 | J64: 12706.54 | K64: 12929.2 | L64: 13155.25 | M64: 13339.3 | N64: 13563.16 | O64: 13931.79 | P64: 14325.61 | Q64: 14585.72 | R64: 14763.74 | S64: 14763.74 | T64: 14763.74 | U64: 14952.85 | V64: 15136.25 | W64: 15336.87 | X64: 15539.69 | Y64: 15725.25 | Z64: 15964.64 | AA64: 16164.7 | AB64: 16540.16 | AC64: 17112.08 | AD64: 17575.48 | AE64: 17883.43 | AF64: 18042.66 | AG64: 18233.26 | AH64: 18431.52 | AI64: 18661.53 | AJ64: 18912.5 | AK64: 19128.8 | AL64: 19362.1 | AM64: 19362.1 | AN64: 19362.1 | AO64: 19577.62 | AP64: 19941.85 | AQ64: 20422.31 | AR64: 20926.99 | AS64: 21263.32 | AT64: 21462.44
A65: 35 | B65: Сидорец А.С. | C65: =INDEX($H65:$IV65,1,COUNTA($H65:$IV65)) -> 7484.82 | D65: =INDEX($H65:$IV65,1,COUNTA($H65:$IV65)-1) -> 7435.34 | G65: 29 | H65: 4031.84 | I65: 4136.22 | J65: 4237.97 | K65: 4325.02 | L65: 4411.55 | M65: 4474 | N65: 4547.38 | O65: 4751.51 | P65: 4957.05 | Q65: 5072.78 | R65: 5132.39 | S65: 5132.39 | T65: 5132.39 | U65: 5212.26 | V65: 5295.23 | W65: 5382.5 | X65: 5470.16 | Y65: 5549.69 | Z65: 5635.62 | AA65: 5708.2 | AB65: 5849.61 | AC65: 6092.18 | AD65: 6337.69 | AE65: 6464.43 | AF65: 6517.29 | AG65: 6590.46 | AH65: 6666.73 | AI65: 6742.81 | AJ65: 6824.14 | AK65: 6890.34 | AL65: 6960.51 | AM65: 6960.51 | AN65: 6960.51 | AO65: 7012.49 | AP65: 7111.36 | AQ65: 7212.31 | AR65: 7354.2 | AS65: 7435.34 | AT65: 7484.82
A66: 36 | B66: Сизонов А.В. | C66: =INDEX($H66:$IV66,1,COUNTA($H66:$IV66)) -> 16209.5 | D66: =INDEX($H66:$IV66,1,COUNTA($H66:$IV66)-1) -> 16030.3 | E66: 1021.67 | F66: 1050 | G66: 56-Б | H66: 9263.8 | I66: 9488.5 | J66: 9687.5 | K66: 9858 | L66: 10048.1 | M66: 10219.3 | N66: 10369.2 | O66: 10512 | P66: 10640 | Q66: 10772 | R66: 10908.1 | S66: 10908.1 | T66: 10908.1 | U66: 11053.1 | V66: 11218.1 | W66: 11493.7 | X66: 11757.6 | Y66: 11974.5 | Z66: 12164.3 | AA66: 12323.8 | AB66: 12515.2 | AC66: 12838.6 | AD66: 13118.3 | AE66: 13360.5 | AF66: 13528.4 | AG66: 13735.1 | AH66: 13962 | AI66: 14190.2 | AJ66: 14423 | AK66: 14618.9 | AL66: 14849.7 | AM66: 14849.7 | AN66: 14849.7 | AO66: 15036.69 | AP66: 15205.5 | AQ66: 15461.9 | AR66: 15828 | AS66: 16030.3 | AT66: 16209.5
A67: 37 | B67: Смирнов С.В. | C67: =INDEX($H67:$IV67,1,COUNTA($H67:$IV67)) -> 15175.6 | D67: =INDEX($H67:$IV67,1,COUNTA($H67:$IV67)-1) -> 14990.73 | E67: 3060.6 | G67: 30 | H67: 9145.49 | I67: 9371.98 | J67: 9569.04 | K67: 9732.12 | L67: 9908.39 | M67: 10085.06 | N67: 10232.02 | O67: 10374.75 | P67: 10522.43 | Q67: 10689 | R67: 10854.8 | S67: 10854.8 | T67: 10854.8 | U67: 11028.15 | V67: 11227.78 | W67: 11442.14 | X67: 11638.52 | Y67: 11841.1 | Z67: 12022.59 | AA67: 12187.05 | AB67: 12335.52 | AC67: 12485.34 | AD67: 12636.7 | AE67: 12825.13 | AF67: 12990.76 | AG67: 13175.73 | AH67: 13440.01 | AI67: 13629.42 | AJ67: 13833.21 | AK67: 14004.89 | AL67: 14188.94 | AM67: 14188.94 | AN67: 14188.94 | AO67: 14374.48 | AP67: 14511.14 | AQ67: 14655.75 | AR67: 14832.3 | AS67: 14990.73 | AT67: 15175.6
A68: 37 | B68: Смирнов С.В. | C68: =INDEX($H68:$IV68,1,COUNTA($H68:$IV68)) -> 4986.12 | D68: =INDEX($H68:$IV68,1,COUNTA($H68:$IV68)-1) -> 4931.53 | G68: 30 | H68: 2936.14 | I68: 3007.36 | J68: 3072.34 | K68: 3128.97 | L68: 3192.37 | M68: 3257.58 | N68: 3313.22 | O68: 3362.88 | P68: 3414.49 | Q68: 3466.61 | R68: 3518.09 | S68: 3518.09 | T68: 3518.09 | U68: 3577.48 | V68: 3641.42 | W68: 3718.38 | X68: 3786.28 | Y68: 3855.3 | Z68: 3923.62 | AA68: 3982.84 | AB68: 4031.54 | AC68: 4088.5 | AD68: 4146.91 | AE68: 4195.87 | AF68: 4245.8 | AG68: 4319.58 | AH68: 4387.5 | AI68: 4458.16 | AJ68: 4531.93 | AK68: 4597.21 | AL68: 4668.66 | AM68: 4668.66 | AN68: 4668.66 | AO68: 4733.37 | AP68: 4775.69 | AQ68: 4826.49 | AR68: 4882.93 | AS68: 4931.53 | AT68: 4986.12
A69: 38 | B69: Трактин В.В. | C69: =INDEX($H69:$IV69,1,COUNTA($H69:$IV69)) -> 42080.26 | D69: =INDEX($H69:$IV69,1,COUNTA($H69:$IV69)-1) -> 41755.47 | E69: 15802.54 | F69: 15802.54 | G69: 53/а | H69: 16940.91 | I69: 17390.05 | J69: 17850.88 | K69: 18448.84 | L69: 19011.53 | M69: 19542.18 | N69: 20189.66 | O69: 21246.66 | P69: 22505.89 | Q69: 23471.57 | R69: 23988.75 | S69: 23988.75 | T69: 23988.75 | U69: 24601.47 | V69: 25254.96 | W69: 26006.48 | X69: 26694.29 | Y69: 27311.92 | Z69: 27881.06 | AA69: 28451.72 | AB69: 29408.58 | AC69: 30692.84 | AD69: 31919.52 | AE69: 32866.92 | AF69: 33495.48 | AG69: 34203.2 | AH69: 35028.54 | AI69: 35723.07 | AJ69: 36606.37 | AK69: 37358.48 | AL69: 38244.68 | AM69: 38244.68 | AN69: 38244.68 | AO69: 38610.06 | AP69: 39030.87 | AQ69: 39955.6 | AR69: 41104.41 | AS69: 41755.47 | AT69: 42080.26
A70: 38 | B70: Трактин В.В. | C70: =INDEX($H70:$IV70,1,COUNTA($H70:$IV70)) -> 17317.23 | D70: =INDEX($H70:$IV70,1,COUNTA($H70:$IV70)-1) -> 17224.6 | G70: 53/а | H70: 9688.87 | I70: 9826.69 | J70: 9973.85 | K70: 10140.19 | L70: 10303 | M70: 10444.77 | N70: 10603.38 | O70: 10868.02 | P70: 11190.11 | Q70: 11413.74 | R70: 11562.44 | S70: 11562.44 | T70: 11562.44 | U70: 11728.26 | V70: 11922.99 | W70: 12179.38 | X70: 12399.12 | Y70: 12582.24 | Z70: 12735.98 | AA70: 12885.96 | AB70: 13164.64 | AC70: 13605.8 | AD70: 13934.97 | AE70: 14190.42 | AF70: 14357.01 | AG70: 14562.81 | AH70: 14837.35 | AI70: 15114.96 | AJ70: 15491.76 | AK70: 15800.63 | AL70: 16196.94 | AM70: 16196.94 | AN70: 16196.94 | AO70: 16306.1 | AP70: 16441.3 | AQ70: 16730.27 | AR70: 17077.66 | AS70: 17224.6 | AT70: 17317.23
A71: 39 | B71: Трактин Р.В. | C71: =INDEX($H71:$IV71,1,COUNTA($H71:$IV71)) -> 2507.12 | D71: =INDEX($H71:$IV71,1,COUNTA($H71:$IV71)-1) -> 2058.12 | E71: 3236.91 | F71: 3236.91 | G71: 53/б | H71: 0 | I71: 0 | J71: 0 | K71: 0 | L71: 0 | M71: 0 | N71: 0 | O71: 0 | P71: 0 | Q71: 0 | R71: 0 | S71: 0 | T71: 0 | U71: 0 | V71: 0 | W71: 0 | X71: 0 | Y71: 0 | Z71: 0 | AA71: 0 | AB71: 0 | AC71: 0 | AD71: 0 | AE71: 0 | AF71: 0 | AG71: 0 | AH71: 0 | AI71: 0 | AJ71: 0 | AK71: 0 | AL71: 0 | AM71: 0 | AN71: 0 | AO71: 389.91 | AP71: 709.33 | AQ71: 1184.55 | AR71: 1656.85 | AS71: 2058.12 | AT71: 2507.12
A72: 39 | B72: Трактин Р.В. | C72: =INDEX($H72:$IV72,1,COUNTA($H72:$IV72)) -> 1548.84 | D72: =INDEX($H72:$IV72,1,COUNTA($H72:$IV72)-1) -> 1206.85 | G72: 53/б | H72: 0 | I72: 0 | J72: 0 | K72: 0 | L72: 0 | M72: 0 | N72: 0 | O72: 0 | P72: 0 | Q72: 0 | R72: 0 | S72: 0 | T72: 0 | U72: 0 | V72: 0 | W72: 0 | X72: 0 | Y72: 0 | Z72: 0 | AA72: 0 | AB72: 0 | AC72: 0 | AD72: 0 | AE72: 0 | AF72: 0 | AG72: 0 | AH72: 0 | AI72: 0 | AJ72: 0 | AK72: 0 | AL72: 0 | AM72: 0 | AN72: 0 | AO72: 215.78 | AP72: 372.64 | AQ72: 683.21 | AR72: 971.4 | AS72: 1206.85 | AT72: 1548.84
A73: 40 | B73: Тульянова Н.В. | C73: =INDEX($H73:$IV73,1,COUNTA($H73:$IV73)) -> 967.9 | D73: =INDEX($H73:$IV73,1,COUNTA($H73:$IV73)-1) -> 963.9 | E73: 9.33 | F73: 9.33 | G73: 57 | H73: 810.2 | I73: 817.6 | J73: 821.9 | K73: 826.7 | L73: 830.4 | M73: 840 | N73: 850.8 | O73: 858.7 | P73: 865.7 | Q73: 869 | R73: 872.7 | S73: 872.7 | T73: 872.7 | U73: 874.5 | V73: 878 | W73: 880 | X73: 884.8 | Y73: 886.8 | Z73: 890.7 | AA73: 897.2 | AB73: 901.1 | AC73: 905.1 | AD73: 909.5 | AE73: 913 | AF73: 915.9 | AG73: 919.1 | AH73: 921.7 | AI73: 923.2 | AJ73: 926.9 | AK73: 929.2 | AL73: 932.6 | AM73: 932.6 | AN73: 932.6 | AO73: 937.1 | AP73: 942.9 | AQ73: 952.5 | AR73: 958.6 | AS73: 963.9 | AT73: 967.9
A74: 41 | B74: Чеченко Е.Н. | C74: =INDEX($H74:$IV74,1,COUNTA($H74:$IV74)) -> 34337.47 | D74: =INDEX($H74:$IV74,1,COUNTA($H74:$IV74)-1) -> 34008.96 | E74: -2420.16 | F74: 4000 | G74: 28 | H74: 16006.64 | I74: 17203.95 | J74: 18532.61 | K74: 19396.35 | L74: 19913.13 | M74: 20094.27 | N74: 20233.07 | O74: 20380.21 | P74: 20586.56 | Q74: 20711.81 | R74: 20861.67 | S74: 20861.67 | T74: 20861.67 | U74: 21373.19 | V74: 22339.31 | W74: 23442.39 | X74: 24500.07 | Y74: 25267.06 | Z74: 25540.77 | AA74: 25693.96 | AB74: 25922.89 | AC74: 26161.48 | AD74: 26380 | AE74: 26542.41 | AF74: 26810.03 | AG74: 27537.26 | AH74: 28660.17 | AI74: 29776.87 | AJ74: 31103.89 | AK74: 31916.2 | AL74: 32671.79 | AM74: 32671.79 | AN74: 32671.79 | AO74: 33064.75 | AP74: 33287.86 | AQ74: 33538.83 | AR74: 33821.27 | AS74: 34008.96 | AT74: 34337.47
A75: 41 | B75: Чеченко Е.Н. | C75: =INDEX($H75:$IV75,1,COUNTA($H75:$IV75)) -> 14706.47 | D75: =INDEX($H75:$IV75,1,COUNTA($H75:$IV75)-1) -> 14595.7 | G75: 28 | H75: 7210.86 | I75: 7802.32 | J75: 8455.07 | K75: 8876.81 | L75: 9107.19 | M75: 9141.15 | N75: 9167.87 | O75: 9195.31 | P75: 9224.07 | Q75: 9249.37 | R75: 9292.74 | S75: 9292.74 | T75: 9292.74 | U75: 9498.18 | V75: 10010.22 | W75: 10526.66 | X75: 11003.79 | Y75: 11306.18 | Z75: 11393.58 | AA75: 11419.49 | AB75: 11454.29 | AC75: 11488.84 | AD75: 11518.91 | AE75: 11544.72 | AF75: 11637.96 | AG75: 12014 | AH75: 12528.81 | AI75: 13058.5 | AJ75: 13658.82 | AK75: 14045.29 | AL75: 14400.22 | AM75: 14400.22 | AN75: 14400.22 | AO75: 14438.72 | AP75: 14466.85 | AQ75: 14509.08 | AR75: 14567.92 | AS75: 14595.7 | AT75: 14706.47
A76: 42 | B76: Чихранов А.Д. | C76: =INDEX($H76:$IV76,1,COUNTA($H76:$IV76)) -> 22830.39 | D76: =INDEX($H76:$IV76,1,COUNTA($H76:$IV76)-1) -> 22688.75 | E76: 2148.75 | F76: 2200 | G76: 16 | H76: 16488.65 | I76: 16778.12 | J76: 17034.88 | K76: 17237.76 | L76: 17484.51 | M76: 17656.3 | N76: 17852.53 | O76: 18033.65 | P76: 18243.93 | Q76: 18413.81 | R76: 18542.33 | S76: 18542.33 | T76: 18542.33 | U76: 18734.12 | V76: 18901.62 | W76: 19061.98 | X76: 19221.12 | Y76: 19370.47 | Z76: 19559.02 | AA76: 19722.19 | AB76: 19959.97 | AC76: 20244.44 | AD76: 20465.32 | AE76: 20649.65 | AF76: 20771.25 | AG76: 20901.91 | AH76: 21052.93 | AI76: 21195.59 | AJ76: 21343.87 | AK76: 21458.91 | AL76: 21642.6 | AM76: 21642.6 | AN76: 21642.6 | AO76: 21803.22 | AP76: 21981.13 | AQ76: 22253.04 | AR76: 22516.69 | AS76: 22688.75 | AT76: 22830.39
A77: 42 | B77: Чихранов А.Д. | C77: =INDEX($H77:$IV77,1,COUNTA($H77:$IV77)) -> 5710.99 | D77: =INDEX($H77:$IV77,1,COUNTA($H77:$IV77)-1) -> 5659.83 | G77: 16 | H77: 4309.29 | I77: 4386.09 | J77: 4455.33 | K77: 4517.32 | L77: 4588.85 | M77: 4638.22 | N77: 4676.76 | O77: 4707.19 | P77: 4734.97 | Q77: 4762.51 | R77: 4791.37 | S77: 4791.37 | T77: 4791.37 | U77: 4846.48 | V77: 4883.92 | W77: 4921.51 | X77: 4962.06 | Y77: 4998.44 | Z77: 5038.3 | AA77: 5081.98 | AB77: 5119.78 | AC77: 5161.31 | AD77: 5189.52 | AE77: 5220.17 | AF77: 5250.22 | AG77: 5285.18 | AH77: 5335.02 | AI77: 5379.59 | AJ77: 5423.93 | AK77: 5452.43 | AL77: 5484.67 | AM77: 5484.67 | AN77: 5484.67 | AO77: 5516.79 | AP77: 5552.28 | AQ77: 5590.66 | AR77: 5628.67 | AS77: 5659.83 | AT77: 5710.99
A78: 43 | B78: Шавриева А.В. | C78: =INDEX($H78:$IV78,1,COUNTA($H78:$IV78)) -> 26618.7 | D78: =INDEX($H78:$IV78,1,COUNTA($H78:$IV78)-1) -> 26395.02 | E78: 2226.66 | F78: 2226.66 | G78: 45 | H78: 13494.58 | I78: 13711.98 | J78: 13903.35 | K78: 14085.14 | L78: 14307.94 | M78: 14691.83 | N78: 15108.58 | O78: 15700.95 | P78: 16310.01 | Q78: 16854.98 | R78: 17235.92 | S78: 17235.92 | T78: 17235.92 | U78: 17648.42 | V78: 17971.23 | W78: 18509.14 | X78: 18967.53 | Y78: 19201.35 | Z78: 19579.81 | AA78: 20020.89 | AB78: 20543.84 | AC78: 21228.12 | AD78: 21831.09 | AE78: 22355.75 | AF78: 22832.71 | AG78: 23247.7 | AH78: 23525.1 | AI78: 23720.42 | AJ78: 23937.45 | AK78: 24122.53 | AL78: 24356.69 | AM78: 24356.69 | AN78: 24356.69 | AO78: 24704.04 | AP78: 25130.67 | AQ78: 25575.24 | AR78: 26069.45 | AS78: 26395.02 | AT78: 26618.7
A79: 43 | B79: Шавриева А.В. | C79: =INDEX($H79:$IV79,1,COUNTA($H79:$IV79)) -> 10798.37 | D79: =INDEX($H79:$IV79,1,COUNTA($H79:$IV79)-1) -> 10686.08 | G79: 45 | H79: 5561.13 | I79: 5643.78 | J79: 5707.56 | K79: 5775.19 | L79: 5865.87 | M79: 6039.93 | N79: 6230.6 | O79: 6469.97 | P79: 6720.6 | Q79: 6939.04 | R79: 7071.4 | S79: 7071.4 | T79: 7071.4 | U79: 7240.49 | V79: 7354.89 | W79: 7575.64 | X79: 7761.04 | Y79: 7833.99 | Z79: 7954.07 | AA79: 8136.96 | AB79: 8355.56 | AC79: 8582.1 | AD79: 8803.26 | AE79: 9015.06 | AF79: 9225.74 | AG79: 9403.04 | AH79: 9513 | AI79: 9603 | AJ79: 9700.89 | AK79: 9796.98 | AL79: 9915.4 | AM79: 9915.4 | AN79: 9915.4 | AO79: 10056.63 | AP79: 10236.54 | AQ79: 10404.76 | AR79: 10562.58 | AS79: 10686.08 | AT79: 10798.37
A80: 44 | B80: Шепелин В.С. | C80: =INDEX($H80:$IV80,1,COUNTA($H80:$IV80)) -> 1036.1 | D80: =INDEX($H80:$IV80,1,COUNTA($H80:$IV80)-1) -> 871.04 | E80: 1035.96 | F80: 1035.96 | G80: 14 | H80: 8017.87 | I80: 8200.04 | J80: 8352.82 | K80: 8499.17 | L80: 8666.02 | M80: 8855.09 | N80: 9046.99 | O80: 9220.99 | P80: 9428.95 | Q80: 9607.51 | R80: 9778.13 | S80: 9778.13 | T80: 9778.13 | U80: 9954.91 | V80: 10143.28 | W80: 10357.66 | X80: 10557.8 | Y80: 10751.73 | Z80: 10955.7 | AA80: 11141.2 | AB80: 11346.48 | AC80: 11538.79 | AD80: 11726.14 | AE80: 11908.49 | AF80: 12074.41 | AG80: 12247.07 | AH80: 12413.69 | AI80: 12584.63 | AJ80: 12900.97 | AK80: 13141.49 | AL80: 13383.54 | AM80: 13422.18 | AN80: 0 | AO80: 158.91 | AP80: 346.13 | AQ80: 525.25 | AR80: 711.37 | AS80: 871.04 | AT80: 1036.1
A81: 44 | B81: Шепелин В.С. | C81: =INDEX($H81:$IV81,1,COUNTA($H81:$IV81)) -> 367.99 | D81: =INDEX($H81:$IV81,1,COUNTA($H81:$IV81)-1) -> 306.18 | G81: 14 | H81: 2814.67 | I81: 2876.09 | J81: 2930.9 | K81: 2986.1 | L81: 3046.99 | M81: 3118.58 | N81: 3191.57 | O81: 3258.68 | P81: 3324.01 | Q81: 3391.1 | R81: 3457.12 | S81: 3457.12 | T81: 3457.12 | U81: 3518.99 | V81: 3583.1 | W81: 3651.73 | X81: 3716.68 | Y81: 3783.61 | Z81: 3856.18 | AA81: 3924.27 | AB81: 4003.06 | AC81: 4074.48 | AD81: 4146.82 | AE81: 4210.26 | AF81: 4263.95 | AG81: 4325.93 | AH81: 4385.31 | AI81: 4442.12 | AJ81: 4511.31 | AK81: 4573.1 | AL81: 4635.1 | AM81: 4645.43 | AN81: 0 | AO81: 53.99 | AP81: 118.98 | AQ81: 180.45 | AR81: 250.1 | AS81: 306.18 | AT81: 367.99
A82: 45 | B82: Штетальный В.Г. | C82: =INDEX($H82:$IV82,1,COUNTA($H82:$IV82)) -> 7017.43 | D82: =INDEX($H82:$IV82,1,COUNTA($H82:$IV82)-1) -> 6600.33 | E82: 2553.38 | F82: 2555 | G82: 59 | H82: 13295.78 | I82: 13574.5 | J82: 13863.16 | K82: 14130.67 | L82: 14401.92 | M82: 14648.43 | N82: 14869.18 | O82: 15155 | P82: 15573.32 | Q82: 15903.75 | R82: 16128.37 | S82: 0 | T82: 45.94 | U82: 297.18 | V82: 566.56 | W82: 847.33 | X82: 1117.47 | Y82: 1388.94 | Z82: 1657.26 | AA82: 1835.44 | AB82: 2115.03 | AC82: 2391.38 | AD82: 2584.16 | AE82: 2809.17 | AF82: 3110.62 | AG82: 3246.63 | AH82: 3447.29 | AI82: 3558.04 | AJ82: 3706.65 | AK82: 3784.62 | AL82: 4361.47 | AM82: 4361.47 | AN82: 4361.47 | AO82: 4988.99 | AP82: 5331.05 | AQ82: 5720.92 | AR82: 6208.1 | AS82: 6600.33 | AT82: 7017.43
A83: 45 | B83: Штетальный В.Г. | C83: =INDEX($H83:$IV83,1,COUNTA($H83:$IV83)) -> 2751.21 | D83: =INDEX($H83:$IV83,1,COUNTA($H83:$IV83)-1) -> 2618.96 | G83: 59 | H83: 5726.5 | I83: 5843.27 | J83: 5964.64 | K83: 6070.18 | L83: 6171.32 | M83: 6259.83 | N83: 6345.49 | O83: 6461.2 | P83: 6472.09 | Q83: 6520.66 | R83: 6569.66 | S83: 0 | T83: 13.04 | U83: 105.1 | V83: 208.2 | W83: 312.21 | X83: 412.24 | Y83: 508.84 | Z83: 600.87 | AA83: 676.22 | AB83: 806.75 | AC83: 930.57 | AD83: 1020.86 | AE83: 1131.99 | AF83: 1268.49 | AG83: 1331.84 | AH83: 1396.07 | AI83: 1445.82 | AJ83: 1523 | AK83: 1562.23 | AL83: 1763.45 | AM83: 1763.45 | AN83: 1763.45 | AO83: 2052.45 | AP83: 2251.81 | AQ83: 2387.3 | AR83: 2503.16 | AS83: 2618.96 | AT83: 2751.21
B86: текст подвала
B87: По решению общего собрания потери в электросети ТСН по итогам года рассчитываются равным образом между потребителями. Согласно приложению к приказу №185-УТ от 09.12.2024 г. Управления по тарифам города Севастополя на электроэнергию для населения и приравненных к нему категорий потребителей СНТ в г. Севастополе: - в одноставочном тарифе в I-полугодие/II-полугодие, объем, потребляемый до 150 кВт*ч составляет 4,49/5,05 руб./кВт*ч; объем, потребляемый от 151 кВт*ч до 600 кВт*ч – 4,82/5,47 руб./кВт*ч; объем более 600 кВт*ч – 8,28/9,4 руб./кВт*ч; - в дифференцированном по двум зонам суток, дневной тариф на электрическую энергию, в I-полугодие/II-полугодие составляет: объем, потребляемый до 150 кВт*ч – 4,49/5,05 руб./кВт*ч; объем от 151 кВт*ч до 600 кВт*ч – 4,82/5,47 руб./кВт*ч; объем более 600 кВт*ч – 8,28/9,4 руб./кВт*ч. - в дифференцированном по двум зонам суток, ночной тариф на электрическую энергию, в I-полугодие/II-полугодие составляет: объем, потребляемый до 150 кВт*ч – 3,13/3,52 руб./кВт*ч; объем от 151 кВт*ч до 600 кВт*ч– 3,74/4,21 руб./кВт*ч; объем более 600 кВт*ч – 6,21/6,99 руб./кВт*ч.
B92: текст шапки
B93: Квитанция на оплату электроснабжения
B94: Организация: Товарищество собственников недвижимости "жилищно-строительное товарищество индивидуальных застройщиков "Столетовский"
B95: ИНН: 9201505978; КПП: 920101001; ФИЛИАЛ "ЦЕНТРАЛЬНЫЙ" БАНКА ВТБ (ПАО) в г. Москве;
B96: БИК 044525411; Р/с 40703810824317000026; К/с 30101810145250000411
B97: тел. +7(978) 812-13-99, e-mail: tsn-gstiz-stoletovskiy@yandex.ru

Sheet Calc
T1: =Arhive!B1 -> 2025-10-01
B2: =Arhive!B94 -> Организация: Товарищество собственников недвижимости "жилищно-строительное товарищество индивидуальных застройщиков "Столетовский"
B3: =Arhive!B95 -> ИНН: 9201505978; КПП: 920101001; ФИЛИАЛ "ЦЕНТРАЛЬНЫЙ" БАНКА ВТБ (ПАО) в г. Москве;
B4: =Arhive!B96 -> БИК 044525411; Р/с 40703810824317000026; К/с 30101810145250000411
B5: =Arhive!B97 -> тел. +7(978) 812-13-99, e-mail: tsn-gstiz-stoletovskiy@yandex.ru
B7: г. Севастополь, ТСН "ЖСТИЗ "СТОЛЕТОВСКИЙ" | F7: Показания по прибору учета электроэнергии | J7: Расчет обьема, кВт.*ч | M7: Ставка тарифа, р./кВт.*ч | P7: Начислено, руб. | S7: Сумма, руб. | T7: Долг / Переплата "-", руб. | U7: Учтена оплата, руб. | V7: К оплате, руб.
B8: П/п | C8: Уч.№ | D8: Потребитель | E8: Тарифная зона | F8: Текущий месяц, кВт.*ч | G8: Предыдущий месяц, кВт.*ч | H8: Расход, кВт*ч | I8: Соотно- шение, % | J8: Блок 1 | K8: Блок 2 | L8: Блок 3 | M8: Блок 1 | N8: Блок 2 | O8: Блок 3 | P8: Блок 1 | Q8: Блок 2 | R8: Блок 3
B9: 1 | C9: 2 | D9: 3 | E9: 4 | F9: 5 | G9: 6 | H9: 7 | I9: 8 | J9: 9 | K9: 10 | L9: 11 | M9: 12 | N9: 13 | O9: 14 | P9: 15 | Q9: 16 | R9: 17 | S9: 18 | T9: 19 | U9: 20 | V9: 21
B10: =Arhive!A2 -> 1 | C10: =Arhive!G2 -> 21 | D10: Гаценко Н.Г. | E10: День (Т1) | F10: =Arhive!C2 -> 683.9 | G10: =Arhive!D2 -> 678.15 | H10: =F10-G10 -> 5.75 | I10: =IF(H10=0,0,H10*100/(H10+H11)) -> 92.891761 | J10: =IF((H10+H11)>150,IF(H10=0,0,H10*100/(H10+H11)*150/100),H10) -> 5.75 | K10: =IF(H10+H11<600,H10-J10,450*(IF(H10=0,0,H10*100/(H10+H11)))/100) -> 0 | L10: =H10-J10-K10 -> 0 | M10: 5.05 | N10: 5.47 | O10: 9.4 | P10: =IF(H10<J10,H10*M10,J10*M10) -> 29.0375 | Q10: =IF(K10<0,0,K10*N10) -> 0 | R10: =IF(L10<0,0,L10*O10) -> 0 | S10: =ROUND(SUM(P10:R11),2) -> 30.59 | T10: =Arhive!E2 -> -282.57 | U10: =Arhive!F2 -> 500 | V10: =SUM(S10:T11)-U10 -> -751.98
B11: 1 | D11: =D10 -> Гаценко Н.Г. | E11: Ночь (Т2) | F11: =Arhive!C3 -> 105.13 | G11: =Arhive!D3 -> 104.69 | H11: =F11-G11 -> 0.44 | I11: =IF(H11=0,0,H11*100/(H11+H10)) -> 7.1082391 | J11: =IF((H10+H11)>150,IF(H10=0,0,H11*100/(H10+H11)*150/100),H11) -> 0.44 | K11: =IF(H11+H10<600,H11-J11,450*(IF(H11=0,0,H11*100/(H11+H10)))/100) -> 0 | L11: =H11-K11-J11 -> 0 | M11: 3.52 | N11: 4.21 | O11: 6.99 | P11: =IF(H11<J11,H11*M11,J11*M11) -> 1.5488 | Q11: =IF(K11<0,0,K11*N11) -> 0 | R11: =IF(L11<0,0,L11*O11) -> 0
B12: =Arhive!A4 -> 2 | C12: =Arhive!G4 -> 54 | D12: Дикарев А.А. | E12: День (Т1) | F12: =Arhive!C4 -> 0 | G12: =Arhive!D4 -> 0 | H12: =F12-G12 -> 0 | I12: =IF(H12=0,0,H12*100/(H12+H13)) -> 0 | J12: =IF((H12+H13)>150,IF(H12=0,0,H12*100/(H12+H13)*150/100),H12) -> 0 | K12: =IF(H12+H13<600,H12-J12,450*(IF(H12=0,0,H12*100/(H12+H13)))/100) -> 0 | L12: =H12-J12-K12 -> 0 | M12: 5.05 | N12: 5.47 | O12: 9.4 | P12: =IF(H12<J12,H12*M12,J12*M12) -> 0 | Q12: =IF(K12<0,0,K12*N12) -> 0 | R12: =IF(L12<0,0,L12*O12) -> 0 | S12: =ROUND(SUM(P12:R13),2) -> 0 | T12: =Arhive!E4 -> 0 | U12: =Arhive!F8 -> 0 | V12: =SUM(S12:T13)-U12 -> 0
B13: 2 | D13: =D12 -> Дикарев А.А. | E13: Ночь (Т2) | F13: =Arhive!C5 -> 0 | G13: =Arhive!D5 -> 0 | H13: =F13-G13 -> 0 | I13: =IF(H13=0,0,H13*100/(H13+H12)) -> 0 | J13: =IF((H12+H13)>150,IF(H12=0,0,H13*100/(H12+H13)*150/100),H13) -> 0 | K13: =IF(H13+H12<600,H13-J13,450*(IF(H13=0,0,H13*100/(H13+H12)))/100) -> 0 | L13: =H13-K13-J13 -> 0 | M13: 3.52 | N13: 4.21 | O13: 6.99 | P13: =IF(H13<J13,H13*M13,J13*M13) -> 0 | Q13: =IF(K13<0,0,K13*N13) -> 0 | R13: =IF(L13<0,0,L13*O13) -> 0
B14: =Arhive!A6 -> 3 | C14: =Arhive!G6 -> 51 | D14: Дмитриев А.В. | E14: День (Т1) | F14: =Arhive!C6 -> 23549.72 | G14: =Arhive!D6 -> 23280.28 | H14: =F14-G14 -> 269.44 | I14: =IF(H14=0,0,H14*100/(H14+H15)) -> 58.930056 | J14: =IF((H14+H15)>150,IF(H14=0,0,H14*100/(H14+H15)*150/100),H14) -> 88.395083 | K14: =IF(H14+H15<600,H14-J14,450*(IF(H14=0,0,H14*100/(H14+H15)))/100) -> 181.04492 | L14: =H14-J14-K14 -> 0 | M14: 5.05 | N14: 5.47 | O14: 9.4 | P14: =IF(H14<J14,H14*M14,J14*M14) -> 446.39517 | Q14: =IF(K14<0,0,K14*N14) -> 990.31569 | R14: =IF(L14<0,0,L14*O14) -> 0 | S14: =ROUND(SUM(P14:R15),2) -> 2184.76 | T14: =Arhive!E6 -> 8160.23 | U14: =Arhive!F6 -> 0 | V14: =SUM(S14:T15)-U14 -> 10344.99
B15: 3 | D15: =D14 -> Дмитриев А.В. | E15: Ночь (Т2) | F15: =Arhive!C7 -> 8771.92 | G15: =Arhive!D7 -> 8584.14 | H15: =F15-G15 -> 187.78 | I15: =IF(H15=0,0,H15*100/(H15+H14)) -> 41.069944 | J15: =IF((H14+H15)>150,IF(H14=0,0,H15*100/(H14+H15)*150/100),H15) -> 61.604917 | K15: =IF(H15+H14<600,H15-J15,450*(IF(H15=0,0,H15*100/(H15+H14)))/100) -> 126.17508 | L15: =H15-K15-J15 -> 0 | M15: 3.52 | N15: 4.21 | O15: 6.99 | P15: =IF(H15<J15,H15*M15,J15*M15) -> 216.84931 | Q15: =IF(K15<0,0,K15*N15) -> 531.1971 | R15: =IF(L15<0,0,L15*O15) -> 0
B16: =Arhive!A8 -> 4 | C16: =Arhive!G8 -> 35 | D16: Егоров Е.Ю. | E16: День (Т1) | F16: =Arhive!C8 -> 20395.7 | G16: =Arhive!D8 -> 20213.43 | H16: =F16-G16 -> 182.27 | I16: =IF(H16=0,0,H16*100/(H16+H17)) -> 72.597284 | J16: =IF((H16+H17)>150,IF(H16=0,0,H16*100/(H16+H17)*150/100),H16) -> 108.89593 | K16: =IF(H16+H17<600,H16-J16,450*(IF(H16=0,0,H16*100/(H16+H17)))/100) -> 73.374075 | L16: =H16-J16-K16 -> 0 | M16: 5.05 | N16: 5.47 | O16: 9.4 | P16: =IF(H16<J16,H16*M16,J16*M16) -> 549.92442 | Q16: =IF(K16<0,0,K16*N16) -> 401.35619 | R16: =IF(L16<0,0,L16*O16) -> 0 | S16: =ROUND(SUM(P16:R17),2) -> 1212.57 | T16: =Arhive!E8 -> 2391.64 | U16: =Arhive!F8 -> 0 | V16: =SUM(S16:T17)-U16 -> 3604.21
B17: 3 | D17: =D16 -> Егоров Е.Ю. | E17: Ночь (Т2) | F17: =Arhive!C9 -> 5911.38 | G17: =Arhive!D9 -> 5842.58 | H17: =F17-G17 -> 68.8 | I17: =IF(H17=0,0,H17*100/(H17+H16)) -> 27.402716 | J17: =IF((H16+H17)>150,IF(H16=0,0,H17*100/(H16+H17)*150/100),H17) -> 41.104075 | K17: =IF(H17+H16<600,H17-J17,450*(IF(H17=0,0,H17*100/(H17+H16)))/100) -> 27.695925 | L17: =H17-K17-J17 -> 0 | M17: 3.52 | N17: 4.21 | O17: 6.99 | P17: =IF(H17<J17,H17*M17,J17*M17) -> 144.68634 | Q17: =IF(K17<0,0,K17*N17) -> 116.59985 | R17: =IF(L17<0,0,L17*O17) -> 0
B18: =Arhive!A10 -> 5 | C18: =Arhive!G10 -> 46 | D18: Ефимов В.В. | E18: День (Т1) | F18: =Arhive!C10 -> 2980.63 | G18: =Arhive!D10 -> 2953.62 | H18: =F18-G18 -> 27.01 | I18: =IF(H18=0,0,H18*100/(H18+H19)) -> 84.40625 | J18: =IF((H18+H19)>150,IF(H18=0,0,H18*100/(H18+H19)*150/100),H18) -> 27.01 | K18: =IF(H18+H19<600,H18-J18,450*(IF(H18=0,0,H18*100/(H18+H19)))/100) -> 0 | L18: =H18-J18-K18 -> 0 | M18: 5.05 | N18: 5.47 | O18: 9.4 | P18: =IF(H18<J18,H18*M18,J18*M18) -> 136.4005 | Q18: =IF(K18<0,0,K18*N18) -> 0 | R18: =IF(L18<0,0,L18*O18) -> 0 | S18: =ROUND(SUM(P18:R19),2) -> 153.97 | T18: =Arhive!E10 -> -299.95 | U18: =Arhive!F10 -> 0 | V18: =SUM(S18:T19)-U18 -> -145.98
B19: 3 | D19: =D18 -> Ефимов В.В. | E19: Ночь (Т2) | F19: =Arhive!C11 -> 561.35 | G19: =Arhive!D11 -> 556.36 | H19: =F19-G19 -> 4.99 | I19: =IF(H19=0,0,H19*100/(H19+H18)) -> 15.59375 | J19: =IF((H18+H19)>150,IF(H18=0,0,H19*100/(H18+H19)*150/100),H19) -> 4.99 | K19: =IF(H19+H18<600,H19-J19,450*(IF(H19=0,0,H19*100/(H19+H18)))/100) -> 0 | L19: =H19-K19-J19 -> 0 | M19: 3.52 | N19: 4.21 | O19: 6.99 | P19: =IF(H19<J19,H19*M19,J19*M19) -> 17.5648 | Q19: =IF(K19<0,0,K19*N19) -> 0 | R19: =IF(L19<0,0,L19*O19) -> 0
B20: =Arhive!A12 -> 6 | C20: =Arhive!G12 -> 17 | D20: Заруба Л.С. | E20: Тариф 1 | F20: =Arhive!C12 -> 10011.4 | G20: =Arhive!D12 -> 9822.8 | H20: =F20-G20 -> 188.6 | I20: =IF(H20=0,0,H20*100/H20) -> 100 | J20: =IF(H20>150,IF(H20=0,0,H20*100/H20*150/100),H20) -> 150 | K20: =IF(H20<600,H20-J20,450*(IF(H20=0,0,H20*100/H20))/100) -> 38.6 | L20: =H20-J20-K20 -> 0 | M20: 5.05 | N20: 5.47 | O20: 9.4 | P20: =IF(H20<J20,H20*M20,J20*M20) -> 757.5 | Q20: =IF(K20<0,0,K20*N20) -> 211.142 | R20: =IF(L20<0,0,L20*O20) -> 0 | S20: =ROUND(SUM(P20:R20),2) -> 968.64 | T20: =Arhive!E12 -> -1452.49 | U20: =Arhive!F12 -> 0 | V20: =SUM(S20:T20)-U20 -> -483.85
B21: =Arhive!A13 -> 7 | C21: =Arhive!G13 -> 3 | D21: Зырянов Д.Н. | E21: День (Т1) | F21: =Arhive!C13 -> 20682.76 | G21: =Arhive!D13 -> 20464.02 | H21: =F21-G21 -> 218.74 | I21: =IF(H21=0,0,H21*100/(H21+H22)) -> 75.19681 | J21: =IF((H21+H22)>150,IF(H21=0,0,H21*100/(H21+H22)*150/100),H21) -> 112.79521 | K21: =IF(H21+H22<600,H21-J21,450*(IF(H21=0,0,H21*100/(H21+H22)))/100) -> 105.94479 | L21: =H21-J21-K21 -> 0 | M21: 5.05 | N21: 5.47 | O21: 9.4 | P21: =IF(H21<J21,H21*M21,J21*M21) -> 569.61583 | Q21: =IF(K21<0,0,K21*N21) -> 579.51798 | R21: =IF(L21<0,0,L21*O21) -> 0 | S21: =ROUND(SUM(P21:R22),2) -> 1427.21 | T21: =Arhive!E13 -> 1079.56 | U21: =Arhive!F13 -> 1081.4 | V21: =SUM(S21:T22)-U21 -> 1425.37
B22: 7 | D22: =D21 -> Зырянов Д.Н. | E22: Ночь (Т2) | F22: =Arhive!C14 -> 6661.37 | G22: =Arhive!D14 -> 6589.22 | H22: =F22-G22 -> 72.15 | I22: =IF(H22=0,0,H22*100/(H22+H21)) -> 24.80319 | J22: =IF((H21+H22)>150,IF(H21=0,0,H22*100/(H21+H22)*150/100),H22) -> 37.204785 | K22: =IF(H22+H21<600,H22-J22,450*(IF(H22=0,0,H22*100/(H22+H21)))/100) -> 34.945215 | L22: =H22-K22-J22 -> 0 | M22: 3.52 | N22: 4.21 | O22: 6.99 | P22: =IF(H22<J22,H22*M22,J22*M22) -> 130.96084 | Q22: =IF(K22<0,0,K22*N22) -> 147.11935 | R22: =IF(L22<0,0,L22*O22) -> 0
B23: =Arhive!A15 -> 8 | C23: =Arhive!G15 -> 44 | D23: =Arhive!B15 -> Кавун А.И. | E23: День (Т1) | F23: =Arhive!C15 -> 12116.96 | G23: =Arhive!D15 -> 11948.97 | H23: =F23-G23 -> 167.99 | I23: =IF(H23=0,0,H23*100/(H23+H24)) -> 76.21705 | J23: =IF((H23+H24)>150,IF(H23=0,0,H23*100/(H23+H24)*150/100),H23) -> 114.32558 | K23: =IF(H23+H24<600,H23-J23,450*(IF(H23=0,0,H23*100/(H23+H24)))/100) -> 53.664425 | L23: =H23-J23-K23 -> 0 | M23: 5.05 | N23: 5.47 | O23: 9.4 | P23: =IF(H23<J23,H23*M23,J23*M23) -> 577.34415 | Q23: =IF(K23<0,0,K23*N23) -> 293.5444 | R23: =IF(L23<0,0,L23*O23) -> 0 | S23: =ROUND(SUM(P23:R24),2) -> 1066.96 | T23: =Arhive!E15 -> 1643.12 | U23: =Arhive!F15 -> 6643 | V23: =SUM(S23:T24)-U23 -> -3932.92
B24: 8 | D24: =D23 -> Кавун А.И. | E24: Ночь (Т2) | F24: =Arhive!C16 -> 5784.35 | G24: =Arhive!D16 -> 5731.93 | H24: =F24-G24 -> 52.42 | I24: =IF(H24=0,0,H24*100/(H24+H23)) -> 23.78295 | J24: =IF((H23+H24)>150,IF(H23=0,0,H24*100/(H23+H24)*150/100),H24) -> 35.674425 | K24: =IF(H24+H23<600,H24-J24,450*(IF(H24=0,0,H24*100/(H24+H23)))/100) -> 16.745575 | L24: =H24-K24-J24 -> 0 | M24: 3.52 | N24: 4.21 | O24: 6.99 | P24: =IF(H24<J24,H24*M24,J24*M24) -> 125.57398 | Q24: =IF(K24<0,0,K24*N24) -> 70.498871 | R24: =IF(L24<0,0,L24*O24) -> 0
B25: =Arhive!A17 -> 9 | C25: =Arhive!G17 -> 22 | D25: =Arhive!B17 -> Калашников В.В. | E25: День (Т1) | F25: =Arhive!C17 -> 2152.36 | G25: =Arhive!D17 -> 2130 | H25: =F25-G25 -> 22.36 | I25: =IF(H25=0,0,H25*100/(H25+H26)) -> 64.032073 | J25: =IF((H25+H26)>150,IF(H25=0,0,H25*100/(H25+H26)*150/100),H25) -> 22.36 | K25: =IF(H25+H26<600,H25-J25,450*(IF(H25=0,0,H25*100/(H25+H26)))/100) -> 0 | L25: =H25-J25-K25 -> 0 | M25: 5.05 | N25: 5.47 | O25: 9.4 | P25: =IF(H25<J25,H25*M25,J25*M25) -> 112.918 | Q25: =IF(K25<0,0,K25*N25) -> 0 | R25: =IF(L25<0,0,L25*O25) -> 0 | S25: =ROUND(SUM(P25:R26),2) -> 157.13 | T25: =Arhive!E17 -> 529.91 | U25: =Arhive!F17 -> 0 | V25: =SUM(S25:T26)-U25 -> 687.04
B26: 9 | D26: =D25 -> Калашников В.В. | E26: Ночь (Т2) | F26: =Arhive!C18 -> 2710.89 | G26: =Arhive!D18 -> 2698.33 | H26: =F26-G26 -> 12.56 | I26: =IF(H26=0,0,H26*100/(H26+H25)) -> 35.967927 | J26: =IF((H25+H26)>150,IF(H25=0,0,H26*100/(H25+H26)*150/100),H26) -> 12.56 | K26: =IF(H26+H25<600,H26-J26,450*(IF(H26=0,0,H26*100/(H26+H25)))/100) -> 0 | L26: =H26-K26-J26 -> 0 | M26: 3.52 | N26: 4.21 | O26: 6.99 | P26: =IF(H26<J26,H26*M26,J26*M26) -> 44.2112 | Q26: =IF(K26<0,0,K26*N26) -> 0 | R26: =IF(L26<0,0,L26*O26) -> 0
B27: =Arhive!A19 -> 10 | C27: =Arhive!G19 -> 8 | D27: =Arhive!B19 -> Картира Я.А. | E27: День (Т1) | F27: =Arhive!C19 -> 5042.34 | G27: =Arhive!D19 -> 4913.53 | H27: =F27-G27 -> 128.81 | I27: =IF(H27=0,0,H27*100/(H27+H28)) -> 64.930941 | J27: =IF((H27+H28)>150,IF(H27=0,0,H27*100/(H27+H28)*150/100),H27) -> 97.396411 | K27: =IF(H27+H28<600,H27-J27,450*(IF(H27=0,0,H27*100/(H27+H28)))/100) -> 31.413589 | L27: =H27-J27-K27 -> 0 | M27: 5.05 | N27: 5.47 | O27: 9.4 | P27: =IF(H27<J27,H27*M27,J27*M27) -> 491.85188 | Q27: =IF(K27<0,0,K27*N27) -> 171.83233 | R27: =IF(L27<0,0,L27*O27) -> 0 | S27: =ROUND(SUM(P27:R28),2) -> 920.28 | T27: =Arhive!E19 -> 1205.5 | U27: =Arhive!F19 -> 0 | V27: =SUM(S27:T28)-U27 -> 2125.78
B28: 10 | D28: =D27 -> Картира Я.А. | E28: Ночь (Т2) | F28: =Arhive!C20 -> 2208.45 | G28: =Arhive!D20 -> 2138.88 | H28: =F28-G28 -> 69.57 | I28: =IF(H28=0,0,H28*100/(H28+H27)) -> 35.069059 | J28: =IF((H27+H28)>150,IF(H27=0,0,H28*100/(H27+H28)*150/100),H28) -> 52.603589 | K28: =IF(H28+H27<600,H28-J28,450*(IF(H28=0,0,H28*100/(H28+H27)))/100) -> 16.966411 | L28: =H28-K28-J28 -> 0 | M28: 3.52 | N28: 4.21 | O28: 6.99 | P28: =IF(H28<J28,H28*M28,J28*M28) -> 185.16463 | Q28: =IF(K28<0,0,K28*N28) -> 71.42859 | R28: =IF(L28<0,0,L28*O28) -> 0
B29: =Arhive!A21 -> 11 | C29: =Arhive!G21 -> 36 | D29: =Arhive!B21 -> Касьяненко А.А. | E29: День (Т1) | F29: =Arhive!C21 -> 24123.17 | G29: =Arhive!D21 -> 23923.71 | H29: =F29-G29 -> 199.46 | I29: =IF(H29=0,0,H29*100/(H29+H30)) -> 74.833046 | J29: =IF((H29+H30)>150,IF(H29=0,0,H29*100/(H29+H30)*150/100),H29) -> 112.24957 | K29: =IF(H29+H30<600,H29-J29,450*(IF(H29=0,0,H29*100/(H29+H30)))/100) -> 87.210431 | L29: =H29-J29-K29 -> 0 | M29: 5.05 | N29: 5.47 | O29: 9.4 | P29: =IF(H29<J29,H29*M29,J29*M29) -> 566.86032 | Q29: =IF(K29<0,0,K29*N29) -> 477.04106 | R29: =IF(L29<0,0,L29*O29) -> 0 | S29: =ROUND(SUM(P29:R30),2) -> 1300.26 | T29: =Arhive!E21 -> -53.74 | U29: =Arhive!F21 -> 1310 | V29: =SUM(S29:T30)-U29 -> -63.48
B30: 11 | D30: =D29 -> Касьяненко А.А. | E30: Ночь (Т2) | F30: =Arhive!C22 -> 8324.13 | G30: =Arhive!D22 -> 8257.05 | H30: =F30-G30 -> 67.08 | I30: =IF(H30=0,0,H30*100/(H30+H29)) -> 25.166954 | J30: =IF((H29+H30)>150,IF(H29=0,0,H30*100/(H29+H30)*150/100),H30) -> 37.750431 | K30: =IF(H30+H29<600,H30-J30,450*(IF(H30=0,0,H30*100/(H30+H29)))/100) -> 29.329569 | L30: =H30-K30-J30 -> 0 | M30: 3.52 | N30: 4.21 | O30: 6.99 | P30: =IF(H30<J30,H30*M30,J30*M30) -> 132.88152 | Q30: =IF(K30<0,0,K30*N30) -> 123.47748 | R30: =IF(L30<0,0,L30*O30) -> 0
B31: =Arhive!A23 -> 12 | C31: =Arhive!G23 -> 18 | D31: =Arhive!B23 -> Ким Т.В. | E31: День (Т1) | F31: =Arhive!C23 -> 15245.87 | G31: =Arhive!D23 -> 14438.65 | H31: =F31-G31 -> 807.22 | I31: =IF(H31=0,0,H31*100/(H31+H32)) -> 78.011868 | J31: =IF((H31+H32)>150,IF(H31=0,0,H31*100/(H31+H32)*150/100),H31) -> 117.0178 | K31: =IF(H31+H32<600,H31-J31,450*(IF(H31=0,0,H31*100/(H31+H32)))/100) -> 351.0534 | L31: =H31-J31-K31 -> 339.14879 | M31: 5.05 | N31: 5.47 | O31: 9.4 | P31: =IF(H31<J31,H31*M31,J31*M31) -> 590.9399 | Q31: =IF(K31<0,0,K31*N31) -> 1920.2621 | R31: =IF(L31<0,0,L31*O31) -> 3187.9987 | S31: =ROUND(SUM(P31:R32),2) -> 6900.05 | T31: =Arhive!E23 -> 0 | U31: =Arhive!F23 -> 0 | V31: =SUM(S31:T32)-U31 -> 6900.05
B32: 8 | D32: =D31 -> Ким Т.В. | E32: Ночь (Т2) | F32: =Arhive!C24 -> 4359.82 | G32: =Arhive!D24 -> 4132.3 | H32: =F32-G32 -> 227.52 | I32: =IF(H32=0,0,H32*100/(H32+H31)) -> 21.988132 | J32: =IF((H31+H32)>150,IF(H31=0,0,H32*100/(H31+H32)*150/100),H32) -> 32.982198 | K32: =IF(H32+H31<600,H32-J32,450*(IF(H32=0,0,H32*100/(H32+H31)))/100) -> 98.946595 | L32: =H32-K32-J32 -> 95.591206 | M32: 3.52 | N32: 4.21 | O32: 6.99 | P32: =IF(H32<J32,H32*M32,J32*M32) -> 116.09734 | Q32: =IF(K32<0,0,K32*N32) -> 416.56517 | R32: =IF(L32<0,0,L32*O32) -> 668.18253
B33: =Arhive!A25 -> 13 | C33: =Arhive!G25 -> 2 | D33: =Arhive!B25 -> Клокова Е.В. | E33: День (Т1) | F33: =Arhive!C25 -> 16096.2 | G33: =Arhive!D25 -> 15843.36 | H33: =F33-G33 -> 252.84 | I33: =IF(H33=0,0,H33*100/(H33+H34)) -> 67.694779 | J33: =IF((H33+H34)>150,IF(H33=0,0,H33*100/(H33+H34)*150/100),H33) -> 101.54217 | K33: =IF(H33+H34<600,H33-J33,450*(IF(H33=0,0,H33*100/(H33+H34)))/100) -> 151.29783 | L33: =H33-J33-K33 -> 0 | M33: 5.05 | N33: 5.47 | O33: 9.4 | P33: =IF(H33<J33,H33*M33,J33*M33) -> 512.78795 | Q33: =IF(K33<0,0,K33*N33) -> 827.59914 | R33: =IF(L33<0,0,L33*O33) -> 0 | S33: =ROUND(SUM(P33:R34),2) -> 1814.93 | T33: =Arhive!E25 -> 2920.69 | U33: =Arhive!F25 -> 3000 | V33: =SUM(S33:T34)-U33 -> 1735.62
B34: 9 | D34: =D33 -> Клокова Е.В. | E34: Ночь (Т2) | F34: =Arhive!C26 -> 6602.25 | G34: =Arhive!D26 -> 6481.59 | H34: =F34-G34 -> 120.66 | I34: =IF(H34=0,0,H34*100/(H34+H33)) -> 32.305221 | J34: =IF((H33+H34)>150,IF(H33=0,0,H34*100/(H33+H34)*150/100),H34) -> 48.457831 | K34: =IF(H34+H33<600,H34-J34,450*(IF(H34=0,0,H34*100/(H34+H33)))/100) -> 72.202169 | L34: =H34-K34-J34 -> 0 | M34: 3.52 | N34: 4.21 | O34: 6.99 | P34: =IF(H34<J34,H34*M34,J34*M34) -> 170.57157 | Q34: =IF(K34<0,0,K34*N34) -> 303.97113 | R34: =IF(L34<0,0,L34*O34) -> 0
B35: =Arhive!A27 -> 14 | C35: =Arhive!G27 -> 9 | D35: =Arhive!B27 -> Коваленко Р.Т. | E35: День (Т1) | F35: =Arhive!C27 -> 10.31 | G35: =Arhive!D27 -> 8.35 | H35: =F35-G35 -> 1.96 | I35: =IF(H35=0,0,H35*100/(H35+H36)) -> 100 | J35: =IF((H35+H36)>150,IF(H35=0,0,H35*100/(H35+H36)*150/100),H35) -> 1.96 | K35: =IF(H35+H36<600,H35-J35,450*(IF(H35=0,0,H35*100/(H35+H36)))/100) -> 0 | L35: =H35-J35-K35 -> 0 | M35: 5.05 | N35: 5.47 | O35: 9.4 | P35: =IF(H35<J35,H35*M35,J35*M35) -> 9.898 | Q35: =IF(K35<0,0,K35*N35) -> 0 | R35: =IF(L35<0,0,L35*O35) -> 0 | S35: =ROUND(SUM(P35:R36),2) -> 9.9 | T35: =Arhive!E27 -> -63.18 | U35: =Arhive!F27 -> 100 | V35: =SUM(S35:T36)-U35 -> -153.28
B36: 10 | D36: =D35 -> Коваленко Р.Т. | E36: Ночь (Т2) | F36: =Arhive!C28 -> 0 | G36: =Arhive!D28 -> 0 | H36: =F36-G36 -> 0 | I36: =IF(H36=0,0,H36*100/(H36+H35)) -> 0 | J36: =IF((H35+H36)>150,IF(H35=0,0,H36*100/(H35+H36)*150/100),H36) -> 0 | K36: =IF(H36+H35<600,H36-J36,450*(IF(H36=0,0,H36*100/(H36+H35)))/100) -> 0 | L36: =H36-K36-J36 -> 0 | M36: 3.52 | N36: 4.21 | O36: 6.99 | P36: =IF(H36<J36,H36*M36,J36*M36) -> 0 | Q36: =IF(K36<0,0,K36*N36) -> 0 | R36: =IF(L36<0,0,L36*O36) -> 0
B37: =Arhive!A29 -> 15 | C37: =Arhive!G29 -> 15 | D37: =Arhive!B29 -> Кралькина И.А. | E37: День (Т1) | F37: =Arhive!C29 -> 140791.9 | G37: =Arhive!D29 -> 139337.75 | H37: =F37-G37 -> 1454.15 | I37: =IF(H37=0,0,H37*100/(H37+H38)) -> 71.431378 | J37: =IF((H37+H38)>150,IF(H37=0,0,H37*100/(H37+H38)*150/100),H37) -> 107.14707 | K37: =IF(H37+H38<600,H37-J37,450*(IF(H37=0,0,H37*100/(H37+H38)))/100) -> 321.4412 | L37: =H37-J37-K37 -> 1025.5617 | M37: 5.05 | N37: 5.47 | O37: 9.4 | P37: =IF(H37<J37,H37*M37,J37*M37) -> 541.09269 | Q37: =IF(K37<0,0,K37*N37) -> 1758.2834 | R37: =IF(L37<0,0,L37*O37) -> 9640.2803 | S37: =ROUND(SUM(P37:R38),2) -> 15498.81 | T37: =Arhive!E29 -> 16847.63 | U37: =Arhive!F29 -> 16850 | V37: =SUM(S37:T38)-U37 -> 15496.44
B38: 11 | D38: =D37 -> Кралькина И.А. | E38: Ночь (Т2) | F38: =Arhive!C30 -> 52726.58 | G38: =Arhive!D30 -> 52145 | H38: =F38-G38 -> 581.58 | I38: =IF(H38=0,0,H38*100/(H38+H37)) -> 28.568622 | J38: =IF((H37+H38)>150,IF(H37=0,0,H38*100/(H37+H38)*150/100),H38) -> 42.852932 | K38: =IF(H38+H37<600,H38-J38,450*(IF(H38=0,0,H38*100/(H38+H37)))/100) -> 128.5588 | L38: =H38-K38-J38 -> 410.16827 | M38: 3.52 | N38: 4.21 | O38: 6.99 | P38: =IF(H38<J38,H38*M38,J38*M38) -> 150.84232 | Q38: =IF(K38<0,0,K38*N38) -> 541.23254 | R38: =IF(L38<0,0,L38*O38) -> 2867.0762
B39: =Arhive!A31 -> 16 | C39: =Arhive!G31 -> 41 | D39: =Arhive!B31 -> Кудряшов Ю.Ю. | E39: День (Т1) | F39: =Arhive!C31 -> 11353.14 | G39: =Arhive!D31 -> 11109.4 | H39: =F39-G39 -> 243.74 | I39: =IF(H39=0,0,H39*100/(H39+H40)) -> 76.187797 | J39: =IF((H39+H40)>150,IF(H39=0,0,H39*100/(H39+H40)*150/100),H39) -> 114.2817 | K39: =IF(H39+H40<600,H39-J39,450*(IF(H39=0,0,H39*100/(H39+H40)))/100) -> 129.4583 | L39: =H39-J39-K39 -> 0 | M39: 5.05 | N39: 5.47 | O39: 9.4 | P39: =IF(H39<J39,H39*M39,J39*M39) -> 577.12256 | Q39: =IF(K39<0,0,K39*N39) -> 708.13693 | R39: =IF(L39<0,0,L39*O39) -> 0 | S39: =ROUND(SUM(P39:R40),2) -> 1581.33 | T39: =Arhive!E31 -> 4352.1 | U39: =Arhive!F31 -> 916.75 | V39: =SUM(S39:T40)-U39 -> 5016.68
B40: 12 | D40: =D39 -> Кудряшов Ю.Ю. | E40: Ночь (Т2) | F40: =Arhive!C32 -> 3589.45 | G40: =Arhive!D32 -> 3513.27 | H40: =F40-G40 -> 76.18 | I40: =IF(H40=0,0,H40*100/(H40+H39)) -> 23.812203 | J40: =IF((H39+H40)>150,IF(H39=0,0,H40*100/(H39+H40)*150/100),H40) -> 35.718305 | K40: =IF(H40+H39<600,H40-J40,450*(IF(H40=0,0,H40*100/(H40+H39)))/100) -> 40.461695 | L40: =H40-K40-J40 -> 0 | M40: 3.52 | N40: 4.21 | O40: 6.99 | P40: =IF(H40<J40,H40*M40,J40*M40) -> 125.72843 | Q40: =IF(K40<0,0,K40*N40) -> 170.34374 | R40: =IF(L40<0,0,L40*O40) -> 0
B41: =Arhive!A33 -> 17 | C41: =Arhive!G33 -> 42 | D41: =Arhive!B33 -> Курашин А.П. | E41: Тариф 1 | F41: =Arhive!C33 -> 72.2 | G41: =Arhive!D33 -> 67.7 | H41: =F41-G41 -> 4.5 | I41: =IF(H41=0,0,H44*100/H41) -> 382.44444 | J41: =IF(H41>150,IF(H41=0,0,H41*100/H41*150/100),H41) -> 4.5 | K41: =IF(H41<600,H41-J41,450*(IF(H41=0,0,H41*100/H41))/100) -> 0 | L41: =H41-J41-K41 -> 0 | M41: 5.05 | N41: 5.47 | O41: 9.4 | P41: =IF(H41<J41,H41*M41,J41*M41) -> 22.725 | Q41: =IF(K41<0,0,K41*N41) -> 0 | R41: =IF(L41<0,0,L41*O41) -> 0 | S41: =ROUND(SUM(P41:R41),2) -> 22.73 | T41: =Arhive!E33 -> -268.98 | U41: =Arhive!F33 -> 0 | V41: =SUM(S41:T41)-U41 -> -246.25
B42: =Arhive!A34 -> 18 | C42: =Arhive!G34 -> 7 | D42: =Arhive!B34 -> Лисина H.А. | E42: День (Т1) | F42: =Arhive!C34 -> 10522.53 | G42: =Arhive!D34 -> 10383.83 | H42: =F42-G42 -> 138.7 | I42: =IF(H42=0,0,H42*100/(H42+H43)) -> 79.873308 | J42: =IF((H42+H43)>150,IF(H42=0,0,H42*100/(H42+H43)*150/100),H42) -> 119.80996 | K42: =IF(H42+H43<600,H42-J42,450*(IF(H42=0,0,H42*100/(H42+H43)))/100) -> 18.890037 | L42: =H42-J42-K42 -> 0 | M42: 5.05 | N42: 5.47 | O42: 9.4 | P42: =IF(H42<J42,H42*M42,J42*M42) -> 605.04031 | Q42: =IF(K42<0,0,K42*N42) -> 103.3285 | R42: =IF(L42<0,0,L42*O42) -> 0 | S42: =ROUND(SUM(P42:R43),2) -> 834.68 | T42: =Arhive!E34 -> 2158.24 | U42: =Arhive!F34 -> 2158.24 | V42: =SUM(S42:T43)-U42 -> 834.68
B43: 19 | D43: =D42 -> Лисина H.А. | E43: Ночь (Т2) | F43: =Arhive!C35 -> 2902.79 | G43: =Arhive!D35 -> 2867.84 | H43: =F43-G43 -> 34.95 | I43: =IF(H43=0,0,H43*100/(H43+H42)) -> 20.126692 | J43: =IF((H42+H43)>150,IF(H42=0,0,H43*100/(H42+H43)*150/100),H43) -> 30.190037 | K43: =IF(H43+H42<600,H43-J43,450*(IF(H43=0,0,H43*100/(H43+H42)))/100) -> 4.7599626 | L43: =H43-K43-J43 -> 0 | M43: 3.52 | N43: 4.21 | O43: 6.99 | P43: =IF(H43<J43,H43*M43,J43*M43) -> 106.26893 | Q43: =IF(K43<0,0,K43*N43) -> 20.039442 | R43: =IF(L43<0,0,L43*O43) -> 0
B44: =Arhive!A36 -> 19 | C44: =Arhive!G36 -> 38 | D44: =Arhive!B36 -> Лисина Н.А. | E44: День (Т1) | F44: =Arhive!C36 -> 116.75 | G44: =Arhive!D36 -> 99.54 | H44: =F44-G44 -> 17.21 | I44: =IF(H44=0,0,H44*100/(H44+H45)) -> 67.755906 | J44: =IF((H44+H45)>150,IF(H44=0,0,H44*100/(H44+H45)*150/100),H44) -> 17.21 | K44: =IF(H44+H45<600,H44-J44,450*(IF(H44=0,0,H44*100/(H44+H45)))/100) -> 0 | L44: =H44-J44-K44 -> 0 | M44: 5.05 | N44: 5.47 | O44: 9.4 | P44: =IF(H44<J44,H44*M44,J44*M44) -> 86.9105 | Q44: =IF(K44<0,0,K44*N44) -> 0 | R44: =IF(L44<0,0,L44*O44) -> 0 | S44: =ROUND(SUM(P44:R45),2) -> 115.74 | T44: =Arhive!E36 -> 415.72 | U44: =Arhive!F36 -> 415.72 | V44: =SUM(S44:T44)-U44 -> 115.74
B45: 20 | D45: =D44 -> Лисина Н.А. | E45: Ночь (Т2) | F45: =Arhive!C37 -> 43.72 | G45: =Arhive!D37 -> 35.53 | H45: =F45-G45 -> 8.19 | I45: =IF(H45=0,0,H45*100/(H45+H44)) -> 32.244094 | J45: =IF((H44+H45)>150,IF(H44=0,0,H45*100/(H44+H45)*150/100),H45) -> 8.19 | K45: =IF(H45+H44<600,H45-J45,450*(IF(H45=0,0,H45*100/(H45+H44)))/100) -> 0 | L45: =H45-K45-J45 -> 0 | M45: 3.52 | N45: 4.21 | O45: 6.99 | P45: =IF(H45<J45,H45*M45,J45*M45) -> 28.8288 | Q45: =IF(K45<0,0,K45*N45) -> 0 | R45: =IF(L45<0,0,L45*O45) -> 0
B46: =Arhive!A38 -> 20 | C46: =Arhive!G38 -> 6 | D46: =Arhive!B38 -> Макарова О.Н. | E46: Тариф 1 | F46: =Arhive!C38 -> 25224.3 | G46: =Arhive!D38 -> 24772.9 | H46: =F46-G46 -> 451.4 | I46: =IF(H46=0,0,H46*100/H46) -> 100 | J46: =IF(H46>150,IF(H46=0,0,H46*100/H46*150/100),H46) -> 150 | K46: =IF(H46<600,H46-J46,450*(IF(H46=0,0,H46*100/H46))/100) -> 301.4 | L46: =H46-J46-K46 -> 0 | M46: 5.05 | N46: 5.47 | O46: 9.4 | P46: =IF(H46<J46,H46*M46,J46*M46) -> 757.5 | Q46: =IF(K46<0,0,K46*N46) -> 1648.658 | R46: =IF(L46<0,0,L46*O46) -> 0 | S46: =ROUND(SUM(P46:R46),2) -> 2406.16 | T46: =Arhive!E38 -> -568.91 | U46: =Arhive!F38 -> 1000 | V46: =SUM(S46:T46)-U46 -> 837.25
B47: =Arhive!A39 -> 21 | C47: =Arhive!G39 -> 31 | D47: =Arhive!B39 -> Милакина М.В. | E47: День (Т1) | F47: =Arhive!C39 -> 26511.9 | G47: =Arhive!D39 -> 26168.58 | H47: =F47-G47 -> 343.32 | I47: =IF(H47=0,0,H47*100/(H47+H48)) -> 69.431917 | J47: =IF((H47+H48)>150,IF(H47=0,0,H47*100/(H47+H48)*150/100),H47) -> 104.14788 | K47: =IF(H47+H48<600,H47-J47,450*(IF(H47=0,0,H47*100/(H47+H48)))/100) -> 239.17212 | L47: =H47-J47-K47 -> 0 | M47: 5.05 | N47: 5.47 | O47: 9.4 | P47: =IF(H47<J47,H47*M47,J47*M47) -> 525.94677 | Q47: =IF(K47<0,0,K47*N47) -> 1308.2715 | R47: =IF(L47<0,0,L47*O47) -> 0 | S47: =ROUND(SUM(P47:R48),2) -> 2438.92 | T47: =Arhive!E39 -> 2064.55 | U47: =Arhive!F39 -> 4600 | V47: =SUM(S47:T48)-U47 -> -96.53
B48: 22 | D48: =D47 -> Милакина М.В. | E48: Ночь (Т2) | F48: =Arhive!C40 -> 14148.45 | G48: =Arhive!D40 -> 13997.3 | H48: =F48-G48 -> 151.15 | I48: =IF(H48=0,0,H48*100/(H48+H47)) -> 30.568083 | J48: =IF((H47+H48)>150,IF(H47=0,0,H48*100/(H47+H48)*150/100),H48) -> 45.852124 | K48: =IF(H48+H47<600,H48-J48,450*(IF(H48=0,0,H48*100/(H48+H47)))/100) -> 105.29788 | L48: =H48-K48-J48 -> 0 | M48: 3.52 | N48: 4.21 | O48: 6.99 | P48: =IF(H48<J48,H48*M48,J48*M48) -> 161.39948 | Q48: =IF(K48<0,0,K48*N48) -> 443.30406 | R48: =IF(L48<0,0,L48*O48) -> 0
B49: =Arhive!A41 -> 22 | C49: =Arhive!G41 -> 11 | D49: =Arhive!B41 -> Мирошниченко Л.В. | E49: День (Т1) | F49: =Arhive!C41 -> 19430.07 | G49: =Arhive!D41 -> 19306.05 | H49: =F49-G49 -> 124.02 | I49: =IF(H49=0,0,H49*100/(H49+H50)) -> 73.384615 | J49: =IF((H49+H50)>150,IF(H49=0,0,H49*100/(H49+H50)*150/100),H49) -> 110.07692 | K49: =IF(H49+H50<600,H49-J49,450*(IF(H49=0,0,H49*100/(H49+H50)))/100) -> 13.943077 | L49: =H49-J49-K49 -> 0 | M49: 5.05 | N49: 5.47 | O49: 9.4 | P49: =IF(H49<J49,H49*M49,J49*M49) -> 555.88846 | Q49: =IF(K49<0,0,K49*N49) -> 76.268631 | R49: =IF(L49<0,0,L49*O49) -> 0 | S49: =ROUND(SUM(P49:R50),2) -> 793.98 | T49: =Arhive!E41 -> 1236.49 | U49: =Arhive!F41 -> 1236.49 | V49: =SUM(S49:T50)-U49 -> 793.98
B50: 23 | D50: =D49 -> Мирошниченко Л.В. | E50: Ночь (Т2) | F50: =Arhive!C42 -> 8356.11 | G50: =Arhive!D42 -> 8311.13 | H50: =F50-G50 -> 44.98 | I50: =IF(H50=0,0,H50*100/(H50+H49)) -> 26.615385 | J50: =IF((H49+H50)>150,IF(H49=0,0,H50*100/(H49+H50)*150/100),H50) -> 39.923077 | K50: =IF(H50+H49<600,H50-J50,450*(IF(H50=0,0,H50*100/(H50+H49)))/100) -> 5.0569231 | L50: =H50-K50-J50 -> 0 | M50: 3.52 | N50: 4.21 | O50: 6.99 | P50: =IF(H50<J50,H50*M50,J50*M50) -> 140.52923 | Q50: =IF(K50<0,0,K50*N50) -> 21.289646 | R50: =IF(L50<0,0,L50*O50) -> 0
B51: =Arhive!A43 -> 23 | C51: =Arhive!G43 -> 58 | D51: =Arhive!B43 -> Митрофанова И.В. | E51: День (Т1) | F51: =Arhive!C43 -> 0 | G51: =Arhive!D43 -> 0 | H51: =F51-G51 -> 0 | I51: =IF(H51=0,0,H51*100/(H51+H52)) -> 0 | J51: =IF((H51+H52)>150,IF(H51=0,0,H51*100/(H51+H52)*150/100),H51) -> 0 | K51: =IF(H51+H52<600,H51-J51,450*(IF(H51=0,0,H51*100/(H51+H52)))/100) -> 0 | L51: =H51-J51-K51 -> 0 | M51: 5.05 | N51: 5.47 | O51: 9.4 | P51: =IF(H51<J51,H51*M51,J51*M51) -> 0 | Q51: =IF(K51<0,0,K51*N51) -> 0 | R51: =IF(L51<0,0,L51*O51) -> 0 | S51: =ROUND(SUM(P51:R52),2) -> 0 | T51: =Arhive!E43 -> 0 | U51: =Arhive!F43 -> 0 | V51: =SUM(S51:T52)-U51 -> 0
B52: 24 | D52: =D51 -> Митрофанова И.В. | E52: Ночь (Т2) | F52: =Arhive!C44 -> 0 | G52: =Arhive!D44 -> 0 | H52: =F52-G52 -> 0 | I52: =IF(H52=0,0,H52*100/(H52+H51)) -> 0 | J52: =IF((H51+H52)>150,IF(H51=0,0,H52*100/(H51+H52)*150/100),H52) -> 0 | K52: =IF(H52+H51<600,H52-J52,450*(IF(H52=0,0,H52*100/(H52+H51)))/100) -> 0 | L52: =H52-K52-J52 -> 0 | M52: 3.52 | N52: 4.21 | O52: 6.99 | P52: =IF(H52<J52,H52*M52,J52*M52) -> 0 | Q52: =IF(K52<0,0,K52*N52) -> 0 | R52: =IF(L52<0,0,L52*O52) -> 0
B53: =Arhive!A45 -> 24 | C53: =Arhive!G45 -> 26 | D53: =Arhive!B45 -> Михайленко C.Г. | E53: Тариф 1 | F53: =Arhive!C45 -> 39313.1 | G53: =Arhive!D45 -> 39062.5 | H53: =F53-G53 -> 250.6 | I53: =IF(H53=0,0,H53*100/H53) -> 100 | J53: =IF(H53>150,IF(H53=0,0,H53*100/H53*150/100),H53) -> 150 | K53: =IF(H53<600,H53-J53,450*(IF(H53=0,0,H53*100/H53))/100) -> 100.6 | L53: =H53-J53-K53 -> 0 | M53: 5.05 | N53: 5.47 | O53: 9.4 | P53: =IF(H53<J53,H53*M53,J53*M53) -> 757.5 | Q53: =IF(K53<0,0,K53*N53) -> 550.282 | R53: =IF(L53<0,0,L53*O53) -> 0 | S53: =ROUND(SUM(P53:R53),2) -> 1307.78 | T53: =Arhive!E45 -> 2631.75 | U53: =Arhive!F45 -> 2640 | V53: =SUM(S53:T53)-U53 -> 1299.53
B54: =Arhive!A46 -> 25 | C54: =Arhive!G46 -> 27 | D54: =Arhive!B46 -> Михайленко С.Г. | E54: Тариф 1 | F54: =Arhive!C46 -> 4945.5 | G54: =Arhive!D46 -> 4945.5 | H54: =F54-G54 -> 0 | I54: =IF(H54=0,0,H44*100/H54) -> 0 | J54: =IF(H54>150,IF(H54=0,0,H54*100/H54*150/100),H54) -> 0 | K54: =IF(H54<600,H54-J54,450*(IF(H54=0,0,H54*100/H54))/100) -> 0 | L54: =H54-J54-K54 -> 0 | M54: 5.05 | N54: 5.47 | O54: 9.4 | P54: =IF(H54<J54,H54*M54,J54*M54) -> 0 | Q54: =IF(K54<0,0,K54*N54) -> 0 | R54: =IF(L54<0,0,L54*O54) -> 0 | S54: =ROUND(SUM(P54:R54),2) -> 0 | T54: =Arhive!E46 -> -15.04 | U54: =Arhive!F46 -> 0 | V54: =SUM(S54:T54)-U54 -> -15.04
B55: =Arhive!A47 -> 26 | C55: =Arhive!G47 -> 20 | D55: =Arhive!B47 -> Ненахов С.А. | E55: День (Т1) | F55: =Arhive!C47 -> 46053.79 | G55: =Arhive!D47 -> 45418.89 | H55: =F55-G55 -> 634.9 | I55: =IF(H55=0,0,H55*100/(H55+H56)) -> 62.670891 | J55: =IF((H55+H56)>150,IF(H55=0,0,H55*100/(H55+H56)*150/100),H55) -> 94.006337 | K55: =IF(H55+H56<600,H55-J55,450*(IF(H55=0,0,H55*100/(H55+H56)))/100) -> 282.01901 | L55: =H55-J55-K55 -> 258.87465 | M55: 5.05 | N55: 5.47 | O55: 9.4 | P55: =IF(H55<J55,H55*M55,J55*M55) -> 474.732 | Q55: =IF(K55<0,0,K55*N55) -> 1542.644 | R55: =IF(L55<0,0,L55*O55) -> 2433.4217 | S55: =ROUND(SUM(P55:R56),2) -> 6432.92 | T55: =Arhive!E47 -> 19047.41 | U55: =Arhive!F47 -> 19047.41 | V55: =SUM(S55:T56)-U55 -> 6432.92
B56: 27 | D56: =D55 -> Ненахов С.А. | E56: Ночь (Т2) | F56: =Arhive!C48 -> 17602.69 | G56: =Arhive!D48 -> 17224.52 | H56: =F56-G56 -> 378.17 | I56: =IF(H56=0,0,H56*100/(H56+H55)) -> 37.329109 | J56: =IF((H55+H56)>150,IF(H55=0,0,H56*100/(H55+H56)*150/100),H56) -> 55.993663 | K56: =IF(H56+H55<600,H56-J56,450*(IF(H56=0,0,H56*100/(H56+H55)))/100) -> 167.98099 | L56: =H56-K56-J56 -> 154.19535 | M56: 3.52 | N56: 4.21 | O56: 6.99 | P56: =IF(H56<J56,H56*M56,J56*M56) -> 197.09769 | Q56: =IF(K56<0,0,K56*N56) -> 707.19996 | R56: =IF(L56<0,0,L56*O56) -> 1077.8255
B57: =Arhive!A49 -> 27 | C57: =Arhive!G49 -> 50 | D57: =Arhive!B49 -> Новацкий О.В. | E57: День (Т1) | F57: =Arhive!C49 -> 13372.67 | G57: =Arhive!D49 -> 13168.71 | H57: =F57-G57 -> 203.96 | I57: =IF(H57=0,0,H57*100/(H57+H58)) -> 70.679558 | J57: =IF((H57+H58)>150,IF(H57=0,0,H57*100/(H57+H58)*150/100),H57) -> 106.01934 | K57: =IF(H57+H58<600,H57-J57,450*(IF(H57=0,0,H57*100/(H57+H58)))/100) -> 97.940663 | L57: =H57-J57-K57 -> 0 | M57: 5.05 | N57: 5.47 | O57: 9.4 | P57: =IF(H57<J57,H57*M57,J57*M57) -> 535.39765 | Q57: =IF(K57<0,0,K57*N57) -> 535.73543 | R57: =IF(L57<0,0,L57*O57) -> 0 | S57: =ROUND(SUM(P57:R58),2) -> 1396.99 | T57: =Arhive!E49 -> -47.77 | U57: =Arhive!F49 -> 1500 | V57: =SUM(S57:T58)-U57 -> -150.78
B58: 28 | D58: =D57 -> Новацкий О.В. | E58: Ночь (Т2) | F58: =Arhive!C50 -> 5584.13 | G58: =Arhive!D50 -> 5499.52 | H58: =F58-G58 -> 84.61 | I58: =IF(H58=0,0,H58*100/(H58+H57)) -> 29.320442 | J58: =IF((H57+H58)>150,IF(H57=0,0,H58*100/(H57+H58)*150/100),H58) -> 43.980663 | K58: =IF(H58+H57<600,H58-J58,450*(IF(H58=0,0,H58*100/(H58+H57)))/100) -> 40.629337 | L58: =H58-K58-J58 -> 0 | M58: 3.52 | N58: 4.21 | O58: 6.99 | P58: =IF(H58<J58,H58*M58,J58*M58) -> 154.81193 | Q58: =IF(K58<0,0,K58*N58) -> 171.04951 | R58: =IF(L58<0,0,L58*O58) -> 0
B59: =Arhive!A51 -> 28 | C59: =Arhive!G51 -> 4 | D59: =Arhive!B51 -> Носовский В.А. | E59: День (Т1) | F59: =Arhive!C51 -> 43.61 | G59: =Arhive!D51 -> 43.56 | H59: =F59-G59 -> 0.05 | I59: =IF(H59=0,0,H59*100/(H59+H60)) -> 50 | J59: =IF((H59+H60)>150,IF(H59=0,0,H59*100/(H59+H60)*150/100),H59) -> 0.05 | K59: =IF(H59+H60<600,H59-J59,450*(IF(H59=0,0,H59*100/(H59+H60)))/100) -> 0 | L59: =H59-J59-K59 -> 0 | M59: 5.05 | N59: 5.47 | O59: 9.4 | P59: =IF(H59<J59,H59*M59,J59*M59) -> 0.2525 | Q59: =IF(K59<0,0,K59*N59) -> 0 | R59: =IF(L59<0,0,L59*O59) -> 0 | S59: =ROUND(SUM(P59:R60),2) -> 0.43 | T59: =Arhive!E51 -> -302.7 | U59: =Arhive!F51 -> 0 | V59: =SUM(S59:T60)-U59 -> -302.27
B60: 29 | D60: =D59 -> Носовский В.А. | E60: Ночь (Т2) | F60: =Arhive!C52 -> 3.39 | G60: =Arhive!D52 -> 3.34 | H60: =F60-G60 -> 0.05 | I60: =IF(H60=0,0,H60*100/(H60+H59)) -> 50 | J60: =IF((H59+H60)>150,IF(H59=0,0,H60*100/(H59+H60)*150/100),H60) -> 0.05 | K60: =IF(H60+H59<600,H60-J60,450*(IF(H60=0,0,H60*100/(H60+H59)))/100) -> 0 | L60: =H60-K60-J60 -> 0 | M60: 3.52 | N60: 4.21 | O60: 6.99 | P60: =IF(H60<J60,H60*M60,J60*M60) -> 0.176 | Q60: =IF(K60<0,0,K60*N60) -> 0 | R60: =IF(L60<0,0,L60*O60) -> 0
B61: =Arhive!A53 -> 29 | C61: =Arhive!G53 -> 32 | D61: =Arhive!B53 -> Ольшинецкий В.В. | E61: День (Т1) | F61: =Arhive!C53 -> 7069.85 | G61: =Arhive!D53 -> 6963.03 | H61: =F61-G61 -> 106.82 | I61: =IF(H61=0,0,H61*100/(H61+H62)) -> 73.029329 | J61: =IF((H61+H62)>150,IF(H61=0,0,H61*100/(H61+H62)*150/100),H61) -> 106.82 | K61: =IF(H61+H62<600,H61-J61,450*(IF(H61=0,0,H61*100/(H61+H62)))/100) -> 0 | L61: =H61-J61-K61 -> 0 | M61: 5.05 | N61: 5.47 | O61: 9.4 | P61: =IF(H61<J61,H61*M61,J61*M61) -> 539.441 | Q61: =IF(K61<0,0,K61*N61) -> 0 | R61: =IF(L61<0,0,L61*O61) -> 0 | S61: =ROUND(SUM(P61:R62),2) -> 678.31 | T61: =Arhive!E53 -> -49.89 | U61: =Arhive!F53 -> 1350 | V61: =SUM(S61:T62)-U61 -> -721.58
B62: 30 | D62: =D61 -> Ольшинецкий В.В. | E62: Ночь (Т2) | F62: =Arhive!C54 -> 1837.21 | G62: =Arhive!D54 -> 1797.76 | H62: =F62-G62 -> 39.45 | I62: =IF(H62=0,0,H62*100/(H62+H61)) -> 26.970671 | J62: =IF((H61+H62)>150,IF(H61=0,0,H62*100/(H61+H62)*150/100),H62) -> 39.45 | K62: =IF(H62+H61<600,H62-J62,450*(IF(H62=0,0,H62*100/(H62+H61)))/100) -> 0 | L62: =H62-K62-J62 -> 0 | M62: 3.52 | N62: 4.21 | O62: 6.99 | P62: =IF(H62<J62,H62*M62,J62*M62) -> 138.864 | Q62: =IF(K62<0,0,K62*N62) -> 0 | R62: =IF(L62<0,0,L62*O62) -> 0
B63: =Arhive!A55 -> 30 | C63: =Arhive!G55 -> 48 | D63: =Arhive!B55 -> Оселедец В.Д. | E63: Тариф 1 | F63: =Arhive!C55 -> 2305.6 | G63: =Arhive!D55 -> 2300.6 | H63: =F63-G63 -> 5 | I63: =IF(H63=0,0,H63*100/H63) -> 100 | J63: =IF(H63>150,IF(H63=0,0,H63*100/H63*150/100),H63) -> 5 | K63: =IF(H63<600,H63-J63,450*(IF(H63=0,0,H63*100/H63))/100) -> 0 | L63: =H63-J63-K63 -> 0 | M63: 5.05 | N63: 5.47 | O63: 9.4 | P63: =IF(H63<J63,H63*M63,J63*M63) -> 25.25 | Q63: =IF(K63<0,0,K63*N63) -> 0 | R63: =IF(L63<0,0,L63*O63) -> 0 | S63: =ROUND(SUM(P63:R63),2) -> 25.25 | T63: =Arhive!E55 -> 38.69 | U63: =Arhive!F55 -> 57 | V63: =SUM(S63:T63)-U63 -> 6.94
B64: =Arhive!A56 -> 31 | C64: =Arhive!G56 -> 33 | D64: =Arhive!B56 -> Пильник А.Я. | E64: День (Т1) | F64: =Arhive!C56 -> 21100.61 | G64: =Arhive!D56 -> 20816.77 | H64: =F64-G64 -> 283.84 | I64: =IF(H64=0,0,H64*100/(H64+H65)) -> 70.65442 | J64: =IF((H64+H65)>150,IF(H64=0,0,H64*100/(H64+H65)*150/100),H64) -> 105.98163 | K64: =IF(H64+H65<600,H64-J64,450*(IF(H64=0,0,H64*100/(H64+H65)))/100) -> 177.85837 | L64: =H64-J64-K64 -> 0 | M64: 5.05 | N64: 5.47 | O64: 9.4 | P64: =IF(H64<J64,H64*M64,J64*M64) -> 535.20723 | Q64: =IF(K64<0,0,K64*N64) -> 972.88529 | R64: =IF(L64<0,0,L64*O64) -> 0 | S64: =ROUND(SUM(P64:R65),2) -> 1974.04 | T64: =Arhive!E56 -> 2665.42 | U64: =Arhive!F56 -> 2665.42 | V64: =SUM(S64:T65)-U64 -> 1974.04
B65: 32 | D65: =D64 -> Пильник А.Я. | E65: Ночь (Т2) | F65: =Arhive!C57 -> 7930.14 | G65: =Arhive!D57 -> 7812.25 | H65: =F65-G65 -> 117.89 | I65: =IF(H65=0,0,H65*100/(H65+H64)) -> 29.34558 | J65: =IF((H64+H65)>150,IF(H64=0,0,H65*100/(H64+H65)*150/100),H65) -> 44.018371 | K65: =IF(H65+H64<600,H65-J65,450*(IF(H65=0,0,H65*100/(H65+H64)))/100) -> 73.871629 | L65: =H65-K65-J65 -> 0 | M65: 3.52 | N65: 4.21 | O65: 6.99 | P65: =IF(H65<J65,H65*M65,J65*M65) -> 154.94466 | Q65: =IF(K65<0,0,K65*N65) -> 310.99956 | R65: =IF(L65<0,0,L65*O65) -> 0
B66: =Arhive!A58 -> 32 | C66: =Arhive!G58 -> 34 | D66: =Arhive!B58 -> Рок М.В. | E66: День (Т1) | F66: =Arhive!C58 -> 10762.83 | G66: =Arhive!D58 -> 10736 | H66: =F66-G66 -> 26.83 | I66: =IF(H66=0,0,H66*100/(H66+H67)) -> 57.84821 | J66: =IF((H66+H67)>150,IF(H66=0,0,H66*100/(H66+H67)*150/100),H66) -> 26.83 | K66: =IF(H66+H67<600,H66-J66,450*(IF(H66=0,0,H66*100/(H66+H67)))/100) -> 0 | L66: =H66-J66-K66 -> 0 | M66: 5.05 | N66: 5.47 | O66: 9.4 | P66: =IF(H66<J66,H66*M66,J66*M66) -> 135.4915 | Q66: =IF(K66<0,0,K66*N66) -> 0 | R66: =IF(L66<0,0,L66*O66) -> 0 | S66: =ROUND(SUM(P66:R67),2) -> 204.31 | T66: =Arhive!E58 -> -305.72 | U66: =Arhive!F58 -> 1000 | V66: =SUM(S66:T67)-U66 -> -1101.41
B67: 33 | D67: =D66 -> Рок М.В. | E67: Ночь (Т2) | F67: =Arhive!C59 -> 5317.06 | G67: =Arhive!D59 -> 5297.51 | H67: =F67-G67 -> 19.55 | I67: =IF(H67=0,0,H67*100/(H67+H66)) -> 42.15179 | J67: =IF((H66+H67)>150,IF(H66=0,0,H67*100/(H66+H67)*150/100),H67) -> 19.55 | K67: =IF(H67+H66<600,H67-J67,450*(IF(H67=0,0,H67*100/(H67+H66)))/100) -> 0 | L67: =H67-K67-J67 -> 0 | M67: 3.52 | N67: 4.21 | O67: 6.99 | P67: =IF(H67<J67,H67*M67,J67*M67) -> 68.816 | Q67: =IF(K67<0,0,K67*N67) -> 0 | R67: =IF(L67<0,0,L67*O67) -> 0
B68: =Arhive!A60 -> 33 | C68: =Arhive!G60 -> 56-А | D68: =Arhive!B60 -> Рубцова Т.В. | E68: День (Т1) | F68: =Arhive!C60 -> 18131.82 | G68: =Arhive!D60 -> 17867.33 | H68: =F68-G68 -> 264.49 | I68: =IF(H68=0,0,H68*100/(H68+H69)) -> 66.84442 | J68: =IF((H68+H69)>150,IF(H68=0,0,H68*100/(H68+H69)*150/100),H68) -> 100.26663 | K68: =IF(H68+H69<600,H68-J68,450*(IF(H68=0,0,H68*100/(H68+H69)))/100) -> 164.22337 | L68: =H68-J68-K68 -> 0 | M68: 5.05 | N68: 5.47 | O68: 9.4 | P68: =IF(H68<J68,H68*M68,J68*M68) -> 506.34648 | Q68: =IF(K68<0,0,K68*N68) -> 898.30184 | R68: =IF(L68<0,0,L68*O68) -> 0 | S68: =ROUND(SUM(P68:R69),2) -> 1922.64 | T68: =Arhive!E60 -> 2444.65 | U68: =Arhive!F60 -> 2000 | V68: =SUM(S68:T69)-U68 -> 2367.29
B69: 34 | D69: =D68 -> Рубцова Т.В. | E69: Ночь (Т2) | F69: =Arhive!C61 -> 6382.58 | G69: =Arhive!D61 -> 6251.39 | H69: =F69-G69 -> 131.19 | I69: =IF(H69=0,0,H69*100/(H69+H68)) -> 33.15558 | J69: =IF((H68+H69)>150,IF(H68=0,0,H69*100/(H68+H69)*150/100),H69) -> 49.73337 | K69: =IF(H69+H68<600,H69-J69,450*(IF(H69=0,0,H69*100/(H69+H68)))/100) -> 81.45663 | L69: =H69-K69-J69 -> 0 | M69: 3.52 | N69: 4.21 | O69: 6.99 | P69: =IF(H69<J69,H69*M69,J69*M69) -> 175.06146 | Q69: =IF(K69<0,0,K69*N69) -> 342.93241 | R69: =IF(L69<0,0,L69*O69) -> 0
B70: =Arhive!A62 -> 34 | C70: =Arhive!G62 -> 37 | D70: =Arhive!B62 -> Самойленко С.Б. | E70: День (Т1) | F70: =Arhive!C62 -> 22495.56 | G70: =Arhive!D62 -> 22212.48 | H70: =F70-G70 -> 283.08 | I70: =IF(H70=0,0,H70*100/(H70+H71)) -> 68.514171 | J70: =IF((H70+H71)>150,IF(H70=0,0,H70*100/(H70+H71)*150/100),H70) -> 102.77126 | K70: =IF(H70+H71<600,H70-J70,450*(IF(H70=0,0,H70*100/(H70+H71)))/100) -> 180.30874 | L70: =H70-J70-K70 -> 0 | M70: 5.05 | N70: 5.47 | O70: 9.4 | P70: =IF(H70<J70,H70*M70,J70*M70) -> 518.99484 | Q70: =IF(K70<0,0,K70*N70) -> 986.28883 | R70: =IF(L70<0,0,L70*O70) -> 0 | S70: =ROUND(SUM(P70:R71),2) -> 2020.37 | T70: =Arhive!E62 -> 2131.55 | U70: =Arhive!F62 -> 2200 | V70: =SUM(S70:T71)-U70 -> 1951.92
B71: 35 | D71: =D70 -> Самойленко С.Б. | E71: Ночь (Т2) | F71: =Arhive!C63 -> 7614.4 | G71: =Arhive!D63 -> 7484.31 | H71: =F71-G71 -> 130.09 | I71: =IF(H71=0,0,H71*100/(H71+H70)) -> 31.485829 | J71: =IF((H70+H71)>150,IF(H70=0,0,H71*100/(H70+H71)*150/100),H71) -> 47.228744 | K71: =IF(H71+H70<600,H71-J71,450*(IF(H71=0,0,H71*100/(H71+H70)))/100) -> 82.861256 | L71: =H71-K71-J71 -> 0 | M71: 3.52 | N71: 4.21 | O71: 6.99 | P71: =IF(H71<J71,H71*M71,J71*M71) -> 166.24518 | Q71: =IF(K71<0,0,K71*N71) -> 348.84589 | R71: =IF(L71<0,0,L71*O71) -> 0
B72: =Arhive!A64 -> 35 | C72: =Arhive!G64 -> 29 | D72: =Arhive!B64 -> Сидорец А.С. | E72: День (Т1) | F72: =Arhive!C64 -> 21462.44 | G72: =Arhive!D64 -> 21263.32 | H72: =F72-G72 -> 199.12 | I72: =IF(H72=0,0,H72*100/(H72+H73)) -> 80.096541 | J72: =IF((H72+H73)>150,IF(H72=0,0,H72*100/(H72+H73)*150/100),H72) -> 120.14481 | K72: =IF(H72+H73<600,H72-J72,450*(IF(H72=0,0,H72*100/(H72+H73)))/100) -> 78.975189 | L72: =H72-J72-K72 -> 0 | M72: 5.05 | N72: 5.47 | O72: 9.4 | P72: =IF(H72<J72,H72*M72,J72*M72) -> 606.7313 | Q72: =IF(K72<0,0,K72*N72) -> 431.99428 | R72: =IF(L72<0,0,L72*O72) -> 0 | S72: =ROUND(SUM(P72:R73),2) -> 1226.44 | T72: =Arhive!E64 -> 2110.45 | U72: =Arhive!F64 -> 2110.45 | V72: =SUM(S72:T73)-U72 -> 1226.44
B73: 36 | D73: =D72 -> Сидорец А.С. | E73: Ночь (Т2) | F73: =Arhive!C65 -> 7484.82 | G73: =Arhive!D65 -> 7435.34 | H73: =F73-G73 -> 49.48 | I73: =IF(H73=0,0,H73*100/(H73+H72)) -> 19.903459 | J73: =IF((H72+H73)>150,IF(H72=0,0,H73*100/(H72+H73)*150/100),H73) -> 29.855189 | K73: =IF(H73+H72<600,H73-J73,450*(IF(H73=0,0,H73*100/(H73+H72)))/100) -> 19.624811 | L73: =H73-K73-J73 -> 0 | M73: 3.52 | N73: 4.21 | O73: 6.99 | P73: =IF(H73<J73,H73*M73,J73*M73) -> 105.09027 | Q73: =IF(K73<0,0,K73*N73) -> 82.620454 | R73: =IF(L73<0,0,L73*O73) -> 0
B74: =Arhive!A66 -> 36 | C74: =Arhive!G66 -> 56-Б | D74: =Arhive!B66 -> Сизонов А.В. | E74: Тариф 1 | F74: =Arhive!C66 -> 16209.5 | G74: =Arhive!D66 -> 16030.3 | H74: =F74-G74 -> 179.2 | I74: =IF(H74=0,0,H74*100/H74) -> 100 | J74: =IF(H74>150,IF(H74=0,0,H74*100/H74*150/100),H74) -> 150 | K74: =IF(H74<600,H74-J74,450*(IF(H74=0,0,H74*100/H74))/100) -> 29.2 | L74: =H74-J74-K74 -> 0 | M74: 5.05 | N74: 5.47 | O74: 9.4 | P74: =IF(H74<J74,H74*M74,J74*M74) -> 757.5 | Q74: =IF(K74<0,0,K74*N74) -> 159.724 | R74: =IF(L74<0,0,L74*O74) -> 0 | S74: =ROUND(SUM(P74:R74),2) -> 917.22 | T74: =Arhive!E66 -> 1021.67 | U74: =Arhive!F66 -> 1050 | V74: =SUM(S74:T74)-U74 -> 888.89
B75: =Arhive!A67 -> 37 | C75: =Arhive!G67 -> 30 | D75: =Arhive!B67 -> Смирнов С.В. | E75: День (Т1) | F75: =Arhive!C67 -> 15175.6 | G75: =Arhive!D67 -> 14990.73 | H75: =F75-G75 -> 184.87 | I75: =IF(H75=0,0,H75*100/(H75+H76)) -> 77.202873 | J75: =IF((H75+H76)>150,IF(H75=0,0,H75*100/(H75+H76)*150/100),H75) -> 115.80431 | K75: =IF(H75+H76<600,H75-J75,450*(IF(H75=0,0,H75*100/(H75+H76)))/100) -> 69.06569 | L75: =H75-J75-K75 -> 0 | M75: 5.05 | N75: 5.47 | O75: 9.4 | P75: =IF(H75<J75,H75*M75,J75*M75) -> 584.81176 | Q75: =IF(K75<0,0,K75*N75) -> 377.78933 | R75: =IF(L75<0,0,L75*O75) -> 0 | S75: =ROUND(SUM(P75:R76),2) -> 1168.83 | T75: =Arhive!E67 -> 3060.6 | U75: =Arhive!F67 -> 0 | V75: =SUM(S75:T76)-U75 -> 4229.43
B76: 38 | D76: =D75 -> Смирнов С.В. | E76: Ночь (Т2) | F76: =Arhive!C68 -> 4986.12 | G76: =Arhive!D68 -> 4931.53 | H76: =F76-G76 -> 54.59 | I76: =IF(H76=0,0,H76*100/(H76+H75)) -> 22.797127 | J76: =IF((H75+H76)>150,IF(H75=0,0,H76*100/(H75+H76)*150/100),H76) -> 34.19569 | K76: =IF(H76+H75<600,H76-J76,450*(IF(H76=0,0,H76*100/(H76+H75)))/100) -> 20.39431 | L76: =H76-K76-J76 -> 0 | M76: 3.52 | N76: 4.21 | O76: 6.99 | P76: =IF(H76<J76,H76*M76,J76*M76) -> 120.36883 | Q76: =IF(K76<0,0,K76*N76) -> 85.860044 | R76: =IF(L76<0,0,L76*O76) -> 0
B77: =Arhive!A69 -> 38 | C77: =Arhive!G69 -> 53/а | D77: =Arhive!B69 -> Трактин В.В. | E77: День (Т1) | F77: =Arhive!C69 -> 42080.26 | G77: =Arhive!D69 -> 41755.47 | H77: =F77-G77 -> 324.79 | I77: =IF(H77=0,0,H77*100/(H77+H78)) -> 77.808921 | J77: =IF((H77+H78)>150,IF(H77=0,0,H77*100/(H77+H78)*150/100),H77) -> 116.71338 | K77: =IF(H77+H78<600,H77-J77,450*(IF(H77=0,0,H77*100/(H77+H78)))/100) -> 208.07662 | L77: =H77-J77-K77 -> 0 | M77: 5.05 | N77: 5.47 | O77: 9.4 | P77: =IF(H77<J77,H77*M77,J77*M77) -> 589.40258 | Q77: =IF(K77<0,0,K77*N77) -> 1138.1791 | R77: =IF(L77<0,0,L77*O77) -> 0 | S77: =ROUND(SUM(P77:R78),2) -> 2094.59 | T77: =Arhive!E69 -> 15802.54 | U77: =Arhive!F69 -> 15802.54 | V77: =SUM(S77:T78)-U77 -> 2094.59
B78: 39 | D78: =D77 -> Трактин В.В. | E78: Ночь (Т2) | F78: =Arhive!C70 -> 17317.23 | G78: =Arhive!D70 -> 17224.6 | H78: =F78-G78 -> 92.63 | I78: =IF(H78=0,0,H78*100/(H78+H77)) -> 22.191079 | J78: =IF((H77+H78)>150,IF(H77=0,0,H78*100/(H77+H78)*150/100),H78) -> 33.286618 | K78: =IF(H78+H77<600,H78-J78,450*(IF(H78=0,0,H78*100/(H78+H77)))/100) -> 59.343382 | L78: =H78-K78-J78 -> 0 | M78: 3.52 | N78: 4.21 | O78: 6.99 | P78: =IF(H78<J78,H78*M78,J78*M78) -> 117.16889 | Q78: =IF(K78<0,0,K78*N78) -> 249.83564 | R78: =IF(L78<0,0,L78*O78) -> 0
B79: =Arhive!A71 -> 39 | C79: =Arhive!G71 -> 53/б | D79: =Arhive!B71 -> Трактин Р.В. | E79: День (Т1) | F79: =Arhive!C71 -> 2507.12 | G79: =Arhive!D71 -> 2058.12 | H79: =F79-G79 -> 449 | I79: =IF(H79=0,0,H79*100/(H79+H80)) -> 56.764308 | J79: =IF((H79+H80)>150,IF(H79=0,0,H79*100/(H79+H80)*150/100),H79) -> 85.146462 | K79: =IF(H79+H80<600,H79-J79,450*(IF(H79=0,0,H79*100/(H79+H80)))/100) -> 255.43939 | L79: =H79-J79-K79 -> 108.41415 | M79: 5.05 | N79: 5.47 | O79: 9.4 | P79: =IF(H79<J79,H79*M79,J79*M79) -> 429.98963 | Q79: =IF(K79<0,0,K79*N79) -> 1397.2534 | R79: =IF(L79<0,0,L79*O79) -> 1019.093 | S79: =ROUND(SUM(P79:R80),2) -> 4470.93 | T79: =Arhive!E71 -> 3236.91 | U79: =Arhive!F71 -> 3236.91 | V79: =SUM(S79:T80)-U79 -> 4470.93
B80: 40 | D80: =D79 -> Трактин Р.В. | E80: Ночь (Т2) | F80: =Arhive!C72 -> 1548.84 | G80: =Arhive!D72 -> 1206.85 | H80: =F80-G80 -> 341.99 | I80: =IF(H80=0,0,H80*100/(H80+H79)) -> 43.235692 | J80: =IF((H79+H80)>150,IF(H79=0,0,H80*100/(H79+H80)*150/100),H80) -> 64.853538 | K80: =IF(H80+H79<600,H80-J80,450*(IF(H80=0,0,H80*100/(H80+H79)))/100) -> 194.56061 | L80: =H80-K80-J80 -> 82.575848 | M80: 3.52 | N80: 4.21 | O80: 6.99 | P80: =IF(H80<J80,H80*M80,J80*M80) -> 228.28445 | Q80: =IF(K80<0,0,K80*N80) -> 819.10018 | R80: =IF(L80<0,0,L80*O80) -> 577.20518
B81: =Arhive!A73 -> 40 | C81: =Arhive!G73 -> 57 | D81: =Arhive!B73 -> Тульянова Н.В. | E81: Тариф 1 | F81: =Arhive!C73 -> 967.9 | G81: =Arhive!D73 -> 963.9 | H81: =F81-G81 -> 4 | I81: =IF(H81=0,0,H81*100/H81) -> 100 | J81: =IF(H81>150,IF(H81=0,0,H81*100/H81*150/100),H81) -> 4 | K81: =IF(H81<600,H81-J81,450*(IF(H81=0,0,H81*100/H81))/100) -> 0 | L81: =H81-J81-K81 -> 0 | M81: 5.05 | N81: 5.47 | O81: 9.4 | P81: =IF(H81<J81,H81*M81,J81*M81) -> 20.2 | Q81: =IF(K81<0,0,K81*N81) -> 0 | R81: =IF(L81<0,0,L81*O81) -> 0 | S81: =ROUND(SUM(P81:R81),2) -> 20.2 | T81: =Arhive!E73 -> 9.33 | U81: =Arhive!F73 -> 9.33 | V81: =SUM(S81:T81)-U81 -> 20.2
B82: =Arhive!A74 -> 41 | C82: =Arhive!G74 -> 28 | D82: =Arhive!B74 -> Чеченко Е.Н. | E82: День (Т1) | F82: =Arhive!C74 -> 34337.47 | G82: =Arhive!D74 -> 34008.96 | H82: =F82-G82 -> 328.51 | I82: =IF(H82=0,0,H82*100/(H82+H83)) -> 74.783737 | J82: =IF((H82+H83)>150,IF(H82=0,0,H82*100/(H82+H83)*150/100),H82) -> 112.17561 | K82: =IF(H82+H83<600,H82-J82,450*(IF(H82=0,0,H82*100/(H82+H83)))/100) -> 216.33439 | L82: =H82-J82-K82 -> 0 | M82: 5.05 | N82: 5.47 | O82: 9.4 | P82: =IF(H82<J82,H82*M82,J82*M82) -> 566.48681 | Q82: =IF(K82<0,0,K82*N82) -> 1183.3491 | R82: =IF(L82<0,0,L82*O82) -> 0 | S82: =ROUND(SUM(P82:R83),2) -> 2190.08 | T82: =Arhive!E74 -> -2420.16 | U82: =Arhive!F74 -> 4000 | V82: =SUM(S82:T83)-U82 -> -4230.08
B83: 39 | D83: =D82 -> Чеченко Е.Н. | E83: Ночь (Т2) | F83: =Arhive!C75 -> 14706.47 | G83: =Arhive!D75 -> 14595.7 | H83: =F83-G83 -> 110.77 | I83: =IF(H83=0,0,H83*100/(H83+H82)) -> 25.216263 | J83: =IF((H82+H83)>150,IF(H82=0,0,H83*100/(H82+H83)*150/100),H83) -> 37.824394 | K83: =IF(H83+H82<600,H83-J83,450*(IF(H83=0,0,H83*100/(H83+H82)))/100) -> 72.945606 | L83: =H83-K83-J83 -> 0 | M83: 3.52 | N83: 4.21 | O83: 6.99 | P83: =IF(H83<J83,H83*M83,J83*M83) -> 133.14187 | Q83: =IF(K83<0,0,K83*N83) -> 307.101 | R83: =IF(L83<0,0,L83*O83) -> 0
B84: =Arhive!A76 -> 42 | C84: =Arhive!G76 -> 16 | D84: =Arhive!B76 -> Чихранов А.Д. | E84: День (Т1) | F84: =Arhive!C76 -> 22830.39 | G84: =Arhive!D76 -> 22688.75 | H84: =F84-G84 -> 141.64 | I84: =IF(H84=0,0,H84*100/(H84+H85)) -> 73.46473 | J84: =IF((H84+H85)>150,IF(H84=0,0,H84*100/(H84+H85)*150/100),H84) -> 110.1971 | K84: =IF(H84+H85<600,H84-J84,450*(IF(H84=0,0,H84*100/(H84+H85)))/100) -> 31.442905 | L84: =H84-J84-K84 -> 0 | M84: 5.05 | N84: 5.47 | O84: 9.4 | P84: =IF(H84<J84,H84*M84,J84*M84) -> 556.49533 | Q84: =IF(K84<0,0,K84*N84) -> 171.99269 | R84: =IF(L84<0,0,L84*O84) -> 0 | S84: =ROUND(SUM(P84:R85),2) -> 916.41 | T84: =Arhive!E76 -> 2148.75 | U84: =Arhive!F76 -> 2200 | V84: =SUM(S84:T85)-U84 -> 865.16
B85: 40 | D85: =D84 -> Чихранов А.Д. | E85: Ночь (Т2) | F85: =Arhive!C77 -> 5710.99 | G85: =Arhive!D77 -> 5659.83 | H85: =F85-G85 -> 51.16 | I85: =IF(H85=0,0,H85*100/(H85+H84)) -> 26.53527 | J85: =IF((H84+H85)>150,IF(H84=0,0,H85*100/(H84+H85)*150/100),H85) -> 39.802905 | K85: =IF(H85+H84<600,H85-J85,450*(IF(H85=0,0,H85*100/(H85+H84)))/100) -> 11.357095 | L85: =H85-K85-J85 -> 0 | M85: 3.52 | N85: 4.21 | O85: 6.99 | P85: =IF(H85<J85,H85*M85,J85*M85) -> 140.10622 | Q85: =IF(K85<0,0,K85*N85) -> 47.813372 | R85: =IF(L85<0,0,L85*O85) -> 0
B86: =Arhive!A78 -> 43 | C86: =Arhive!G78 -> 45 | D86: =Arhive!B78 -> Шавриева А.В. | E86: День (Т1) | F86: =Arhive!C78 -> 26618.7 | G86: =Arhive!D78 -> 26395.02 | H86: =F86-G86 -> 223.68 | I86: =IF(H86=0,0,H86*100/(H86+H87)) -> 66.577373 | J86: =IF((H86+H87)>150,IF(H86=0,0,H86*100/(H86+H87)*150/100),H86) -> 99.866059 | K86: =IF(H86+H87<600,H86-J86,450*(IF(H86=0,0,H86*100/(H86+H87)))/100) -> 123.81394 | L86: =H86-J86-K86 -> 0 | M86: 5.05 | N86: 5.47 | O86: 9.4 | P86: =IF(H86<J86,H86*M86,J86*M86) -> 504.3236 | Q86: =IF(K86<0,0,K86*N86) -> 677.26225 | R86: =IF(L86<0,0,L86*O86) -> 0 | S86: =ROUND(SUM(P86:R87),2) -> 1619.73 | T86: =Arhive!E78 -> 2226.66 | U86: =Arhive!F78 -> 2226.66 | V86: =SUM(S86:T87)-U86 -> 1619.73
B87: 41 | D87: =D86 -> Шавриева А.В. | E87: Ночь (Т2) | F87: =Arhive!C79 -> 10798.37 | G87: =Arhive!D79 -> 10686.08 | H87: =F87-G87 -> 112.29 | I87: =IF(H87=0,0,H87*100/(H87+H86)) -> 33.422627 | J87: =IF((H86+H87)>150,IF(H86=0,0,H87*100/(H86+H87)*150/100),H87) -> 50.133941 | K87: =IF(H87+H86<600,H87-J87,450*(IF(H87=0,0,H87*100/(H87+H86)))/100) -> 62.156059 | L87: =H87-K87-J87 -> 0 | M87: 3.52 | N87: 4.21 | O87: 6.99 | P87: =IF(H87<J87,H87*M87,J87*M87) -> 176.47147 | Q87: =IF(K87<0,0,K87*N87) -> 261.67701 | R87: =IF(L87<0,0,L87*O87) -> 0
B88: =Arhive!A80 -> 44 | C88: =Arhive!G80 -> 14 | D88: =Arhive!B80 -> Шепелин В.С. | E88: День (Т1) | F88: =Arhive!C80 -> 1036.1 | G88: =Arhive!D80 -> 871.04 | H88: =F88-G88 -> 165.06 | I88: =IF(H88=0,0,H88*100/(H88+H89)) -> 72.755322 | J88: =IF((H88+H89)>150,IF(H88=0,0,H88*100/(H88+H89)*150/100),H88) -> 109.13298 | K88: =IF(H88+H89<600,H88-J88,450*(IF(H88=0,0,H88*100/(H88+H89)))/100) -> 55.927016 | L88: =H88-J88-K88 -> 0 | M88: 5.05 | N88: 5.47 | O88: 9.4 | P88: =IF(H88<J88,H88*M88,J88*M88) -> 551.12157 | Q88: =IF(K88<0,0,K88*N88) -> 305.92078 | R88: =IF(L88<0,0,L88*O88) -> 0 | S88: =ROUND(SUM(P88:R89),2) -> 1089.06 | T88: =Arhive!E80 -> 1035.96 | U88: =Arhive!F80 -> 1035.96 | V88: =SUM(S88:T89)-U88 -> 1089.06
B89: 42 | D89: =D88 -> Шепелин В.С. | E89: Ночь (Т2) | F89: =Arhive!C81 -> 367.99 | G89: =Arhive!D81 -> 306.18 | H89: =F89-G89 -> 61.81 | I89: =IF(H89=0,0,H89*100/(H89+H88)) -> 27.244678 | J89: =IF((H88+H89)>150,IF(H88=0,0,H89*100/(H88+H89)*150/100),H89) -> 40.867016 | K89: =IF(H89+H88<600,H89-J89,450*(IF(H89=0,0,H89*100/(H89+H88)))/100) -> 20.942984 | L89: =H89-K89-J89 -> 0 | M89: 3.52 | N89: 4.21 | O89: 6.99 | P89: =IF(H89<J89,H89*M89,J89*M89) -> 143.8519 | Q89: =IF(K89<0,0,K89*N89) -> 88.169961 | R89: =IF(L89<0,0,L89*O89) -> 0
B90: =Arhive!A82 -> 45 | C90: =Arhive!G82 -> 59 | D90: =Arhive!B82 -> Штетальный В.Г. | E90: День (Т1) | F90: =Arhive!C82 -> 7017.43 | G90: =Arhive!D82 -> 6600.33 | H90: =F90-G90 -> 417.1 | I90: =IF(H90=0,0,H90*100/(H90+H91)) -> 75.926094 | J90: =IF((H90+H91)>150,IF(H90=0,0,H90*100/(H90+H91)*150/100),H90) -> 113.88914 | K90: =IF(H90+H91<600,H90-J90,450*(IF(H90=0,0,H90*100/(H90+H91)))/100) -> 303.21086 | L90: =H90-J90-K90 -> 0 | M90: 5.05 | N90: 5.47 | O90: 9.4 | P90: =IF(H90<J90,H90*M90,J90*M90) -> 575.14017 | Q90: =IF(K90<0,0,K90*N90) -> 1658.5634 | R90: =IF(L90<0,0,L90*O90) -> 0 | S90: =ROUND(SUM(P90:R91),2) -> 2765.56 | T90: =Arhive!E82 -> 2553.38 | U90: =Arhive!F82 -> 2555 | V90: =SUM(S90:T91)-U90 -> 2763.94
B91: 43 | D91: =D90 -> Штетальный В.Г. | E91: Ночь (Т2) | F91: =Arhive!C83 -> 2751.21 | G91: =Arhive!D83 -> 2618.96 | H91: =F91-G91 -> 132.25 | I91: =IF(H91=0,0,H91*100/(H91+H90)) -> 24.073906 | J91: =IF((H90+H91)>150,IF(H90=0,0,H91*100/(H90+H91)*150/100),H91) -> 36.110858 | K91: =IF(H91+H90<600,H91-J91,450*(IF(H91=0,0,H91*100/(H91+H90)))/100) -> 96.139142 | L91: =H91-K91-J91 -> 0 | M91: 3.52 | N91: 4.21 | O91: 6.99 | P91: =IF(H91<J91,H91*M91,J91*M91) -> 127.11022 | Q91: =IF(K91<0,0,K91*N91) -> 404.74579 | R91: =IF(L91<0,0,L91*O91) -> 0
D92: все | S92: =ROUND(SUM(S10:S91),2) -> 76281.69
D93: почти все | S93: =ROUND(SUM(S10:S91)-S39-S12-S14-S31,2) -> 65615.55
B94: =Arhive!B87 -> По решению общего собрания потери в электросети ТСН по итогам года рассчитываются равным образом между потребителями. Согласно приложению к приказу №185-УТ от 09.12.2024 г. Управления по тарифам города Севастополя на электроэнергию для населения и приравненных к нему категорий потребителей СНТ в г. Севастополе: - в одноставочном тарифе в I-полугодие/II-полугодие, объем, потребляемый до 150 кВт*ч составляет 4,49/5,05 руб./кВт*ч; объем, потребляемый от 151 кВт*ч до 600 кВт*ч – 4,82/5,47 руб./кВт*ч; объем более 600 кВт*ч – 8,28/9,4 руб./кВт*ч; - в дифференцированном по двум зонам суток, дневной тариф на электрическую энергию, в I-полугодие/II-полугодие составляет: объем, потребляемый до 150 кВт*ч – 4,49/5,05 руб./кВт*ч; объем от 151 кВт*ч до 600 кВт*ч – 4,82/5,47 руб./кВт*ч; объем более 600 кВт*ч – 8,28/9,4 руб./кВт*ч. - в дифференцированном по двум зонам суток, ночной тариф на электрическую энергию, в I-полугодие/II-полугодие составляет: объем, потребляемый до 150 кВт*ч – 3,13/3,52 руб./кВт*ч; объем от 151 кВт*ч до 600 кВт*ч– 3,74/4,21 руб./кВт*ч; объем более 600 кВт*ч – 6,21/6,99 руб./кВт*ч.
